OTU.ID	DF_5_6	HN_4_5	DF_2_5	HN_4_4	DF_4_2	HN_2_3	DF_1_1	LN_7_3	LN_2_2	DF_5_1	HN_3_5	HN_4_6	HN_1_3	HN_3_4	DF_7_5	LN_6_3	HN_1_2	LN_3_4	DF_1_5	LN_6_2	LN_3_1	HN_3_3	HN_6_8	DF_2_1	DF_4_8	HN_6_4	HN_5_3	HN_1_4	LN_1_2	DF_7_1	LN_5_3	HN_1_7	HN_3_7	DF_4_4	HN_5_5	LN_2_1	LN_5_6	HN_5_2	DF_5_2	DF_6_6	LN_7_2	HN_2_2	DF_7_4	DF_3_6	HN_1_5	LN_5_5	DF_7_8	DF_6_7	LN_2_4	DF_2_7	HN_3_2	HN_4_7	DF_4_5	DF_1_4	DF_5_5	LN_5_7	DF_3_2	DF_5_8	DF_3_1	HN_2_4	DF_2_8	DF_4_3	DF_3_4	DF_6_3	DF_7_6	DF_4_6	DF_6_2	HN_3_6	HN_1_8	DF_2_4	HN_6_3	DF_6_5	LN_5_1	HN_4_1	DF_6_1	LN_1_3	LN_5_4	DF_7_7	DF_5_4	DF_3_8	DF_1_7	HN_1_1	LN_6_4	DF_5_7	DF_7_2	LN_2_3	DF_6_4	DF_1_3	HN_5_6	DF_4_1	HN_4_8	DF_2_3	DF_3_7	DF_6_8	DF_4_7	LN_5_8	HN_5_8	HN_5_4	DF_1_8	LN_1_1	HN_5_7	DF_1_2	LN_3_3	HN_3_8	DF_5_3	HN_6_2	DF_2_6	DF_3_5	HN_6_6	HN_6_5	DF_1_6	HN_6_1	HN_5_1	LN_3_5	DF_2_2	DF_3_3	HN_1_6	HN_4_3	HN_6_7	LN_6_1	LN_4_1	HN_4_2
OTU_83059	1	0	0	0	0	0	1	0	0	1	0	0	0	0	0	0	0	0	0	0	3	0	0	2	7	0	0	0	0	6	2	0	0	0	0	0	2	0	0	4	0	0	6	0	0	5	0	1	0	0	0	2	5	1	0	0	3	0	5	0	2	1	0	1	0	1	7	0	0	4	0	6	0	6	0	0	14	5	0	0	2	0	0	2	4	0	2	6	0	0	0	0	0	8	0	0	0	1	0	3	0	0	0	0	0	0	0	2	0	0	1	1	1	0	1	0	0	0	0	0	0	0
OTU_408	0	1	0	0	0	0	1	0	6	1	0	0	0	0	1	0	0	0	0	0	2	0	43	0	2	3	0	0	0	1	0	6	0	0	0	0	6	3	1	0	1	3	6	0	6	1	1	0	0	2	0	0	1	0	2	4	0	0	4	0	0	0	0	2	5	1	2	0	0	1	3	2	0	1	0	0	0	2	0	0	0	5	0	0	0	1	0	2	0	0	0	0	0	0	1	0	1	0	0	1	0	1	0	4	0	6	0	0	27	9	0	1	3	0	0	0	3	0	9	0	0	0
OTU_82271	3	0	0	0	0	0	10	0	0	0	0	1	0	0	7	4	0	5	0	2	0	0	0	1	0	0	0	0	0	9	0	0	0	1	0	0	0	0	0	1	0	0	5	7	0	0	0	8	0	0	1	0	0	10	3	0	0	4	0	9	3	0	0	4	3	0	12	0	1	0	0	3	0	0	7	0	0	7	0	5	1	0	0	20	12	0	9	10	3	0	0	5	1	6	0	0	1	0	0	0	1	0	2	2	0	0	0	1	0	0	0	0	0	1	6	0	0	0	0	0	6	0
OTU_95	8	625	1	1355	0	0	342	0	1	6	0	12	5	5	26	0	0	1	0	12	0	11	1	40	2	0	5	438	0	1	1	1	1	0	6	192	0	46	3	18	1	0	350	0	0	0	7	671	0	1	1	23	0	55	96	0	1	1	6	3	1	3	1	544	3	1	422	0	2	2	2	896	1	434	439	0	1	17	2	0	1	15	0	17	225	0	47	208	6	1	6	51	0	104	1	0	1	10	0	9	1	1	13	2	2	65	0	0	1	1	1	2	7	11	102	1	0	2388	2	53	436	2601
OTU_50	143	0	585	0	0	43	149	0	0	80	5	0	6	8	706	0	0	48	3	0	27	8	0	7	2	0	0	0	0	154	4	1	10	136	0	69	0	0	5	71	0	53	229	327	0	1	37	250	0	73	103	0	0	384	425	0	0	150	0	257	275	8	10	108	222	0	644	2	34	0	11	164	0	0	217	0	4	86	0	108	0	24	0	586	161	0	486	254	0	1	0	208	29	186	2	0	0	0	0	1	0	0	223	0	0	43	70	26	0	0	0	41	3	237	404	0	0	0	0	0	41	0
OTU_102	228	88	177	77	329	220	408	522	1292	289	162	192	75	265	252	187	107	55	123	136	156	300	49	488	515	56	106	68	43	205	73	57	144	311	119	50	418	118	331	289	100	51	264	194	16	200	74	330	133	137	266	154	532	456	676	233	268	402	501	181	349	155	141	619	177	509	655	190	146	689	74	326	711	434	729	130	76	209	48	103	159	126	4	362	141	595	664	514	227	70	169	260	50	395	545	66	158	161	538	12	226	405	101	146	76	184	89	205	54	67	114	165	179	208	232	250	16	170	48	127	73	32
OTU_106332	141	53	16	75	81	451	179	23	48	354	133	365	121	219	197	56	294	16	219	62	102	105	20	130	226	78	35	30	32	95	24	18	92	183	27	93	2	96	95	88	11	38	76	81	4	151	58	54	24	26	174	46	154	91	165	9	34	34	128	105	72	35	86	110	214	86	137	125	60	94	27	77	140	237	172	117	77	102	35	45	218	109	1	75	51	166	134	126	47	31	164	95	11	31	150	96	41	46	657	2	38	547	23	80	100	100	3	46	16	11	91	194	266	45	74	29	4	88	18	271	24	15
OTU_51363	23	46	44	44	23	22	45	658	25	129	709	10	15	487	341	58	3	26	468	50	54	1291	76	102	345	96	19	49	11	83	1	12	83	494	1	57	3	59	152	191	45	22	416	22	10	3	127	135	3	5	2410	4	663	195	179	2	195	19	442	10	30	34	17	523	272	709	160	309	11	1409	7	125	66	41	121	22	3	262	127	2	175	43	8	17	406	297	383	474	55	6	2	22	1	94	952	5	7	24	150	30	28	153	42	5	302	75	8	7	68	63	281	84	62	87	78	242	5	59	74	222	188	25
OTU_38343	238	1301	111	885	215	570	2363	765	242	394	1584	732	356	1085	144	6051	987	64	227	1172	516	267	1880	249	669	953	1192	953	59	251	112	398	905	275	12528	69	770	598	402	401	1500	199	115	271	746	173	228	162	57	85	269	4288	1089	607	654	644	314	104	737	552	222	148	79	882	107	879	740	1206	2571	1137	1961	253	173	364	927	1353	134	211	72	318	165	266	94	235	345	123	448	493	6566	51	5023	2696	122	131	495	214	9779	11919	152	87	8856	264	68	557	58	837	42	43	1391	1300	195	427	374	328	996	311	158	516	1380	274	47	74
OTU_45	184	61	243	14	44	1	404	0	58	79	76	163	10	33	107	448	4	23	60	487	200	64	13	75	217	14	14	23	52	344	691	65	49	131	2	25	68	33	149	211	4	32	289	1043	15	54	82	157	0	114	50	149	223	767	332	26	303	43	416	12	383	149	322	178	104	207	508	91	27	222	42	360	71	322	373	15	213	158	52	459	439	50	0	175	796	10	294	235	222	3	44	576	284	160	68	19	43	3	151	10	88	63	65	1212	137	26	134	201	23	28	125	88	139	12	433	163	40	32	29	142	39	4
OTU_743	10	0	0	0	0	0	0	0	13	0	0	0	0	0	0	0	0	0	1	0	6	13	0	1	1	0	0	0	0	4	0	0	2	0	0	0	0	0	0	6	0	0	0	0	0	0	0	16	0	0	68	0	1	5	27	0	0	61	1	0	0	0	0	0	0	0	2	0	0	0	0	7	0	0	2	0	0	0	0	0	49	0	0	24	11	0	19	4	0	0	0	1	0	47	0	0	0	0	21	0	0	0	0	0	0	0	0	0	0	0	5	0	0	0	5	0	0	0	0	0	19	0
OTU_84819	417	551	335	605	432	2325	933	430	256	566	548	480	207	397	2398	320	87	216	302	679	498	572	248	516	408	233	160	556	26	1100	312	388	249	482	114	177	138	666	305	374	214	124	939	638	590	135	650	450	86	123	701	192	366	657	944	55	183	187	429	599	358	234	312	517	2028	455	761	511	206	379	258	405	535	1649	830	160	134	1184	79	425	325	282	1	329	779	362	555	546	241	116	259	638	138	340	393	87	147	124	721	124	163	713	375	658	129	587	84	280	304	312	245	379	519	598	852	290	192	525	375	788	148	185
OTU_137074	885	6103	827	5731	1240	169	3865	297	991	1070	7586	2963	5067	5760	1977	5750	297	5737	1013	9477	2623	1958	7077	806	1072	5764	1436	7761	387	6221	7302	5729	2880	1093	265	198	9221	10415	1128	1298	298	291	1091	2624	9992	3421	2581	1103	214	328	1065	4354	830	2393	1667	4292	831	494	1735	169	1630	1193	1107	1527	1456	1198	976	7070	2969	1552	9256	900	817	676	1593	1141	2567	4261	271	2689	3723	585	144	588	4108	1452	1678	1845	2968	317	6646	2597	1003	1006	1244	3721	1310	588	2371	1908	942	1393	11696	5948	484	3210	172	708	8214	8427	1666	1195	2991	11286	2593	619	5123	2886	7336	10192	224	321
OTU_26642	4	68	0	95	5	1	41	4	3	2	19	11	0	12	0	3	0	1	0	4	6	3	20	5	2	40	3	56	0	4	2	31	9	1	1	4	0	17	1	1	2	0	16	1	14	8	3	31	0	0	17	8	0	16	17	1	0	0	1	0	6	4	1	26	2	0	29	17	8	8	13	31	1	17	35	23	3	8	0	2	4	1	0	7	9	4	13	9	1	0	1	11	1	4	1	2	1	3	8	3	6	2	2	26	0	14	0	1	51	93	1	6	8	3	25	1	12	87	50	13	14	47
OTU_11	230	127	40	65	61	47	111	38	243	51	150	707	75	429	531	124	7	52	78	165	148	414	116	142	500	89	146	101	20	475	438	99	694	114	17	138	750	299	32	756	20	57	595	167	150	1161	276	812	56	82	258	126	139	285	289	993	71	313	199	155	204	49	85	258	306	251	222	165	612	183	217	631	68	638	222	41	1115	1729	25	114	186	24	4	652	334	286	216	724	265	17	220	115	49	1292	203	1028	87	31	175	92	93	57	108	194	30	181	30	63	136	116	62	97	172	214	112	50	94	85	107	433	160	19
OTU_3964	70	129	48	238	11	39	216	20	11	21	16	12	3	8	176	67	5	20	9	7	36	10	8	32	22	8	16	91	4	66	5	4	10	42	23	33	10	10	21	26	4	19	123	109	3	1	18	136	3	28	48	26	13	157	177	7	12	39	17	84	83	14	14	184	85	17	276	13	15	19	10	138	19	65	172	8	4	53	4	59	5	15	1	164	82	11	191	139	29	3	17	184	8	105	12	3	15	39	33	1	28	13	72	5	1	36	25	15	3	5	7	13	8	94	168	9	3	239	8	35	45	131
OTU_83854	4	9	118	7	3	38	3	6	51	6	15	17	0	24	1	5	0	8	10	13	16	29	2	7	45	62	15	2	47	8	33	0	29	28	1	73	5	14	26	25	10	89	17	28	0	21	14	17	31	0	32	19	29	11	17	1	13	74	16	4	3	1	0	11	2	28	4	12	8	16	14	22	15	36	3	52	6	8	0	3	6	20	13	25	7	68	13	16	1	2	0	4	12	11	28	3	7	4	4	5	6	9	0	4	11	8	6	2	1	5	6	19	3	0	10	6	0	40	0	35	11	8
OTU_108609	0	0	28	0	0	0	1	1	2	2	0	0	0	0	0	0	0	0	4	0	2	1	0	3	7	3	3	0	2	0	0	0	0	9	0	0	0	0	4	1	1	8	0	0	0	0	0	3	0	0	0	0	11	0	0	0	3	0	6	0	1	0	0	0	1	2	5	0	0	7	0	5	1	0	2	0	0	0	1	0	6	3	0	3	0	0	0	5	1	0	0	0	0	0	4	0	0	0	0	0	0	9	0	0	5	0	0	0	0	0	1	1	2	0	0	5	0	0	0	0	0	0
OTU_97483	16	3	10	2	9	1	9	43	122	20	8	20	2	7	26	4	20	51	25	0	40	5	30	26	13	7	80	3	54	11	5	3	6	46	6	22	8	27	19	60	48	19	5	15	2	0	8	36	38	1	20	2	24	31	22	2	14	135	17	3	4	15	13	16	22	15	11	8	4	15	4	13	74	11	7	24	1	5	6	1	13	76	32	28	10	60	46	63	2	1	0	3	1	30	15	0	7	3	15	2	8	13	0	2	10	19	3	19	16	12	3	21	30	13	26	4	10	2	25	12	21	0
OTU_84	182	367	215	53	29	44	122	148	799	131	195	542	379	294	209	66	617	309	362	68	454	130	188	191	326	1218	1210	137	145	150	77	31	161	207	468	286	61	448	139	256	317	167	149	127	44	72	171	228	205	25	125	188	307	403	261	43	439	1556	268	73	133	149	86	190	313	267	220	94	118	353	215	135	871	305	132	167	38	90	18	37	129	482	369	405	152	429	480	363	117	13	10	47	20	269	338	18	81	138	134	25	63	270	14	92	69	227	35	71	475	796	80	414	543	40	209	153	218	99	371	120	216	10
OTU_1520	9	3	6	1	0	0	5	1	15	0	1	5	0	3	5	0	1	0	4	0	10	3	4	7	16	1	4	0	2	2	1	0	11	3	0	20	1	0	3	8	5	13	6	0	0	1	4	5	1	0	2	0	3	13	19	0	2	61	10	2	0	2	2	3	13	11	1	3	2	10	2	7	25	11	4	0	0	3	1	0	5	10	2	15	6	10	29	12	1	0	0	1	0	6	3	1	2	0	4	1	1	17	0	2	2	2	0	4	6	3	2	10	9	0	1	4	0	2	2	2	4	0
OTU_79370	138	60	200	21	22	16	65	259	940	165	73	155	69	160	299	24	46	235	256	57	294	213	57	101	132	177	831	29	208	86	133	20	101	248	38	262	125	230	106	228	576	231	181	79	3	156	181	248	217	11	364	85	163	245	247	115	177	917	167	59	43	83	57	78	478	143	53	74	88	171	113	100	445	292	49	129	62	55	24	11	78	573	433	182	112	447	368	226	36	8	0	12	11	228	141	17	51	16	41	23	28	148	17	22	90	260	18	58	105	59	82	346	349	98	94	94	82	114	83	107	360	27
OTU_97613	7	41	19	3	9	1	3	7	82	15	6	30	12	12	14	3	4	25	34	0	29	22	14	9	26	63	41	2	18	19	16	0	4	29	40	10	7	15	16	16	32	12	4	10	0	4	3	14	15	8	24	11	20	10	11	3	13	132	13	2	16	23	2	5	26	12	6	4	3	7	10	4	50	31	9	8	7	6	2	0	24	41	21	27	4	38	17	12	9	1	1	0	0	19	23	0	6	4	2	0	1	11	1	2	9	16	2	8	16	21	4	29	26	6	3	2	3	8	24	5	13	0
OTU_72	225	79	661	47	86	63	135	552	1626	410	96	373	225	180	200	22	4061	380	324	42	437	154	121	241	442	233	1990	358	531	160	104	80	207	535	68	644	59	295	360	532	965	570	178	419	61	75	216	644	540	86	206	73	504	393	407	56	324	1529	209	193	300	230	103	245	378	458	352	90	198	309	107	300	605	250	138	387	41	82	31	58	93	805	345	361	126	968	611	483	111	68	9	118	31	483	772	25	97	46	249	18	63	284	57	134	155	240	75	145	190	108	106	367	366	207	230	98	365	126	221	117	686	22
OTU_16	5	16	93	4	11	2	10	11	67	16	15	50	8	18	5	8	0	29	5	4	46	5	457	22	14	32	60	29	59	4	18	4	13	8	16	18	15	14	42	2	54	18	9	8	13	11	10	2	20	6	6	6	18	14	12	16	29	37	16	2	46	16	13	4	4	8	0	20	2	11	21	1	11	20	1	58	4	3	0	1	3	30	33	6	0	18	17	11	42	0	2	2	0	6	21	20	17	15	2	2	17	3	1	27	2	13	20	6	128	75	0	21	19	22	4	7	18	2	573	10	61	3
OTU_392	2	0	1	0	0	0	0	8	25	2	0	0	1	0	0	0	0	1	1	0	16	0	2	0	0	0	3	1	3	2	0	0	5	10	0	8	0	3	2	9	57	3	5	2	0	0	0	8	0	0	2	0	1	3	5	0	3	11	0	1	11	10	1	0	0	4	0	2	0	2	0	4	1	3	3	6	0	0	0	0	0	5	1	2	2	11	7	5	1	0	0	1	0	3	2	0	1	0	0	0	0	0	0	0	1	1	0	3	2	0	0	3	4	0	2	1	0	0	0	1	0	0
OTU_103170	0	20	14	13	13	0	7	5	0	12	7	104	6	10	37	3	0	2	19	3	8	9	8	19	0	3	19	17	0	42	0	8	12	4	3	3	0	12	25	2	16	212	23	15	1	0	5	11	0	1	13	75	1	2	7	4	2	36	4	0	0	56	1	1	75	2	2	2	9	6	2	3	29	3	19	1	0	5	1	9	26	23	20	13	37	0	17	8	3	0	1	6	0	2	5	3	2	0	0	1	2	3	0	11	0	5	0	13	5	6	4	25	62	0	5	1	25	37	0	0	6	0
OTU_67	7	79	124	41	5	361	13	18	74	19	207	865	9	156	84	2	8	22	17	0	28	70	62	12	22	76	159	42	23	12	8	20	465	31	22	72	10	2	24	16	5	34	24	24	37	12	28	27	32	3	136	150	32	32	32	19	51	99	32	749	20	8	3	12	96	28	11	197	177	48	11	10	119	161	9	28	12	9	2	7	10	75	30	47	12	72	76	19	95	2	50	3	0	27	22	2	109	12	5	2	88	22	1	47	12	29	4	34	72	85	12	53	28	1	16	28	78	218	46	10	15	27
OTU_454	6	2	6	0	13	2	3	9	11	9	0	17	2	0	2	0	1	0	0	0	16	1	1	10	1	5	35	0	8	11	0	2	1	3	8	2	1	0	4	6	30	53	5	5	0	0	1	8	0	10	1	5	1	3	6	1	0	5	0	1	7	39	7	20	1	3	29	0	0	0	2	5	13	4	24	6	0	2	1	0	2	27	0	3	1	6	3	10	7	1	7	6	0	3	1	0	6	5	0	1	2	17	1	11	3	12	8	15	2	2	1	14	13	0	2	0	1	0	0	4	0	0
OTU_115	28	0	9	6	66	41	56	49	31	45	10	17	43	0	16	2	31	16	110	0	38	18	6	18	38	5	27	13	4	23	1	6	11	20	3	131	18	10	22	12	34	257	16	15	1	2	17	15	107	10	87	2	41	21	15	6	9	15	15	5	19	46	11	19	19	28	17	4	12	34	7	6	387	48	26	9	0	8	33	0	14	72	0	10	11	56	14	14	12	12	2	11	2	9	20	1	3	2	28	1	3	181	6	4	51	122	6	20	5	1	17	85	37	41	22	3	5	0	2	11	19	1
OTU_1083	4	2	6	0	61	3	3	0	1	14	0	0	6	0	3	0	9	1	1	0	10	0	0	0	8	0	18	1	3	7	2	1	0	19	0	30	0	1	7	10	0	2	5	19	1	3	0	7	0	0	0	1	6	2	0	0	2	8	4	0	4	9	8	13	2	4	1	0	0	1	2	2	0	8	3	1	3	2	0	1	1	14	0	3	15	1	1	1	0	14	0	1	1	2	5	1	2	0	2	0	0	1	5	0	0	18	4	7	0	0	1	27	4	3	2	0	0	0	0	0	0	0
OTU_86082	0	0	1	0	4	0	12	0	0	49	0	0	2	0	2	0	2	0	0	0	0	0	0	12	13	0	0	0	0	0	0	0	0	0	0	3	0	0	5	0	0	6	2	0	0	0	0	0	49	0	0	0	3	0	0	0	1	4	0	0	2	1	0	8	3	5	3	1	0	1	3	0	10	0	0	2	0	0	0	0	1	0	0	1	0	9	0	5	0	2	0	1	0	0	8	0	0	6	24	0	0	4	0	0	0	16	0	0	0	1	1	2	0	3	1	0	0	0	5	2	0	0
OTU_82446	1	0	1	0	14	0	1	1	2	22	0	0	0	0	0	0	0	0	2	0	1	0	0	6	2	0	0	0	0	0	0	0	0	14	0	5	0	0	26	9	0	3	0	6	0	0	0	3	0	0	0	0	0	3	1	0	0	2	0	0	3	1	6	1	0	0	1	0	0	0	0	1	1	4	2	1	0	0	0	0	0	0	0	4	2	3	4	1	0	2	0	0	0	2	0	0	0	0	4	1	0	3	0	0	1	1	0	1	0	0	0	0	3	0	1	1	0	0	0	0	1	0
OTU_137887	7	0	0	0	0	3	1	4	4	7	0	2	0	0	2	0	0	0	3	0	3	0	0	2	5	0	1	0	0	0	0	1	0	2	0	0	0	0	5	4	2	4	0	4	0	0	0	2	0	0	0	0	11	3	4	0	2	10	2	1	1	0	1	4	1	3	1	0	0	6	0	0	3	0	4	2	0	0	1	0	2	0	0	2	0	1	1	1	0	0	0	0	0	4	2	0	0	0	18	0	0	7	0	0	4	0	0	0	0	0	0	0	0	0	2	1	3	0	0	0	0	0
OTU_92699	37	0	68	5	414	0	3	1	3	71	0	2	76	0	48	0	8	25	25	0	154	0	0	0	10	1	163	4	12	46	20	0	0	186	1	438	0	23	13	13	22	2	47	339	2	0	25	15	2	2	4	0	20	41	30	0	13	123	25	0	14	75	103	0	44	4	0	0	0	20	0	25	1	71	9	2	0	13	2	14	11	43	0	19	57	2	36	3	15	164	5	0	24	19	2	0	16	4	6	2	2	2	31	1	9	233	4	35	0	4	4	248	20	4	3	6	0	2	0	0	1	4
OTU_138393	106	0	34	0	28	0	33	49	5	305	0	3	3	0	2	1	1	1	60	0	89	0	0	114	7	0	1	1	4	2	0	0	1	69	0	7	0	0	538	261	26	4	0	87	2	0	0	183	15	16	0	0	20	83	52	0	4	53	9	0	92	3	37	43	0	22	16	3	0	19	0	192	50	3	51	20	0	0	11	14	73	48	0	33	0	4	83	183	0	42	0	13	28	93	9	0	0	0	92	3	0	74	0	0	49	50	0	21	0	0	4	54	2	2	21	0	3	0	0	4	0	0
OTU_1672	5	1	0	1	0	3	6	0	0	4	0	7	8	0	0	0	0	0	7	0	1	0	1	6	0	0	0	1	0	0	0	0	0	1	0	0	0	1	3	22	0	0	0	0	1	0	0	7	15	9	0	4	0	3	8	0	0	5	0	6	6	0	1	6	0	0	1	0	0	0	0	4	9	22	3	0	0	0	2	1	5	7	0	6	0	6	6	4	0	0	24	3	0	4	0	0	0	0	16	0	2	30	0	3	3	2	0	2	0	0	1	16	8	0	0	0	2	0	0	1	0	0
OTU_128039	9	0	28	0	10	0	1	0	0	23	0	0	2	0	2	0	0	0	9	0	5	0	0	5	5	0	5	0	0	0	0	0	0	6	0	9	0	3	11	15	0	1	0	4	0	0	0	7	2	9	0	0	4	13	10	0	1	2	11	0	15	2	1	6	0	8	14	0	0	3	2	4	0	1	9	0	0	0	2	1	9	11	0	1	0	1	8	9	0	3	0	1	0	12	8	0	1	0	20	1	0	15	0	0	3	4	3	2	0	1	16	12	3	2	0	0	2	0	0	0	1	0
OTU_134	145	0	0	4	195	0	19	24	19	32	7	6	86	0	0	0	48	3	47	0	72	0	0	68	29	1	32	7	20	2	0	0	10	7	2	413	0	14	47	11	4	37	0	26	1	0	0	3	24	0	2	1	84	224	121	0	35	165	58	32	3	29	29	28	1	7	44	3	3	55	2	7	61	1	136	62	0	0	21	8	24	6	0	90	0	54	107	19	4	30	6	52	5	1	4	0	2	5	67	22	0	80	1	2	14	3	0	24	0	0	24	17	18	25	45	12	5	1	2	9	540	0
OTU_101625	86	7	20	5	184	0	19	21	0	11	7	72	185	1	2	1	138	49	158	16	21	10	4	20	77	18	63	6	6	27	0	22	11	7	7	6	0	151	5	39	6	12	1	40	49	0	1	39	2	10	58	8	56	57	49	0	14	56	99	2	17	110	41	51	3	147	29	10	21	104	1	22	13	0	16	5	0	2	5	5	187	28	0	14	2	3	55	40	5	12	11	46	8	24	157	1	3	6	395	8	7	31	20	4	11	46	3	60	10	10	79	228	397	9	26	16	22	0	13	58	2	0
OTU_134259	0	1	0	0	8	0	0	1	0	1	0	2	0	0	0	0	2	0	6	0	1	0	1	2	1	0	0	0	1	1	1	0	1	5	0	1	0	1	2	10	0	2	0	5	1	1	1	3	0	0	0	0	2	0	2	0	0	0	0	4	1	4	5	1	1	1	0	0	0	0	1	10	0	0	2	0	0	0	0	6	5	0	0	3	1	1	2	0	0	8	1	0	0	3	0	0	0	3	17	0	0	4	1	0	1	1	0	3	0	0	3	1	0	0	0	0	0	0	2	1	0	0
OTU_105238	2	0	9	0	2	16	0	31	2	13	5	3	3	0	0	0	6	0	7	0	0	2	0	7	11	1	3	2	0	1	0	1	2	11	0	3	0	3	15	4	3	14	2	2	3	2	0	2	5	2	1	0	19	1	1	0	12	2	20	6	6	3	0	0	0	25	3	2	0	19	0	8	11	4	6	1	0	1	1	0	10	2	0	0	0	5	4	3	3	2	0	2	0	1	12	2	0	0	36	0	0	23	1	0	10	2	3	9	2	1	8	2	4	0	3	15	0	0	0	1	1	0
OTU_47	528	7	633	11	918	338	111	624	209	984	23	30	484	4	125	44	763	60	543	8	224	16	109	364	541	15	321	60	86	155	3	30	19	1245	14	628	3	44	1619	466	248	301	146	349	155	8	52	356	138	126	30	4	716	290	236	15	293	387	491	299	232	491	374	262	135	751	111	22	12	638	316	341	259	83	167	109	4	58	118	146	360	264	18	177	158	223	284	187	19	863	12	117	61	307	631	2	11	19	1084	40	23	540	113	4	344	414	113	291	58	13	200	434	197	49	145	191	48	15	184	57	63	3
OTU_62772	47	8	44	2	150	130	13	28	44	90	0	67	76	2	10	8	133	4	41	2	97	1	2	20	45	2	34	13	4	16	0	3	3	147	3	196	1	14	88	81	15	34	10	50	4	9	9	72	24	35	7	22	47	25	33	2	28	30	59	150	115	71	27	85	8	81	38	2	4	66	13	31	15	56	23	16	2	4	16	13	11	109	2	14	9	97	19	25	5	73	72	15	3	37	66	0	4	5	41	4	17	73	10	6	18	94	9	25	1	1	13	143	45	11	8	25	8	4	8	6	51	4
OTU_218	33	0	17	0	19	3	5	0	7	17	0	0	0	0	22	0	10	1	0	0	0	0	0	8	0	0	4	0	0	2	0	3	0	35	0	29	0	1	24	11	0	45	12	45	0	0	102	9	0	7	0	0	0	39	71	0	0	5	0	2	27	14	34	5	13	0	3	0	0	0	3	6	0	0	10	0	0	44	0	6	0	0	0	7	13	21	30	11	0	7	0	14	5	6	0	0	0	0	0	0	1	0	0	0	0	3	2	19	0	0	0	3	9	0	23	0	0	0	0	0	6	0
OTU_78	192	2	1094	28	652	34	218	198	319	1811	0	12	493	0	67	6	477	166	598	2	130	5	23	291	395	10	155	101	125	128	32	14	4	987	0	653	111	33	707	289	163	197	210	471	47	76	46	250	4400	125	17	3	285	159	127	140	176	254	145	14	295	381	127	245	257	223	152	2	0	267	84	142	465	83	118	348	39	39	85	63	209	281	2	117	53	250	123	93	4	225	5	54	87	163	396	22	5	87	718	6	0	401	68	3	226	229	73	206	2	3	140	172	50	284	71	58	19	36	39	80	136	3
OTU_129207	28	0	3	1	126	0	10	10	58	36	19	2	5	7	5	15	5	2	21	54	30	4	1	7	9	1	16	0	7	21	0	0	1	10	3	8	1	15	17	16	19	22	19	157	0	0	7	33	34	5	2	2	34	7	20	6	11	11	27	0	8	49	50	33	6	19	17	10	7	43	0	22	15	17	12	14	0	5	2	58	5	12	1	6	12	92	15	11	4	26	0	10	27	10	21	3	7	1	27	2	3	13	3	1	5	10	1	147	3	0	6	17	7	3	7	12	3	0	1	52	2	0
OTU_40	71	14	11	1	52	0	82	237	22	58	105	152	14	146	111	0	12	12	8	0	180	195	33	92	105	32	9	3	23	100	24	2	145	31	1	32	30	55	31	3	86	220	331	6	0	2	14	1	1	6	98	35	110	101	33	243	214	35	140	2	12	130	28	53	51	99	31	146	19	171	20	0	231	52	82	114	13	8	23	1	2	69	0	28	93	23	23	36	25	22	112	12	0	1	126	48	0	0	1	14	6	142	92	2	35	75	1	4	53	30	0	87	115	590	68	199	2	4	12	7	1	7
OTU_113023	1434	73	823	94	205	498	265	364	252	326	80	417	237	15	397	7	176	157	167	110	487	262	24	138	564	12	185	191	27	97	16	119	188	464	46	109	11	196	203	197	99	169	518	129	13	139	84	130	289	220	173	14	806	470	600	71	124	996	378	365	450	224	167	121	361	448	153	203	65	668	42	110	300	579	124	114	61	87	38	111	215	973	3	709	133	269	400	205	32	28	35	45	61	47	584	78	79	24	115	43	32	198	61	144	48	521	101	224	13	5	443	618	420	6	143	169	65	124	9	68	36	26
OTU_84672	579	98	558	107	862	201	427	1368	932	918	165	682	1946	98	351	21	3398	75	1103	19	1938	165	141	613	496	88	856	476	787	463	71	416	245	571	95	946	178	306	765	780	1228	889	418	585	192	161	2615	908	577	181	291	126	340	629	650	134	114	632	199	107	280	841	532	867	319	311	586	95	305	252	89	726	971	614	539	470	71	322	187	384	852	2157	8	329	115	1510	544	766	118	195	154	260	136	678	312	857	91	71	566	53	45	813	42	178	385	689	101	1794	126	81	386	814	537	103	403	91	359	98	61	188	236	15
OTU_104391	639	21	469	31	2884	129	382	501	375	609	204	260	516	90	1178	41	378	63	872	57	1039	72	1059	403	625	246	961	105	412	507	33	278	140	478	69	742	254	285	554	386	536	2029	1793	2204	269	142	921	323	334	241	222	88	889	435	477	511	219	483	965	55	410	1274	1208	390	988	601	595	134	82	1163	103	286	1306	514	451	279	43	867	266	494	490	1086	6	195	474	949	267	392	140	491	83	229	542	211	693	123	116	44	601	26	31	1463	75	181	437	535	156	981	265	168	293	731	601	209	208	304	429	48	205	141	1167	21
OTU_83123	0	0	0	0	0	1	1	0	0	0	0	0	2	0	2	0	1	1	4	1	0	0	0	16	0	1	0	0	0	13	0	0	0	0	0	0	0	0	2	40	0	0	0	4	0	0	1	13	0	0	0	0	0	3	0	0	0	3	0	0	0	9	1	3	1	0	8	0	0	0	0	6	5	0	12	0	0	0	0	1	0	1	0	0	0	0	4	24	0	0	0	0	0	25	0	0	0	0	0	1	0	1	3	0	0	3	0	12	0	0	2	0	0	0	1	0	0	0	0	0	0	0
OTU_110946	0	0	1	0	1	0	3	0	0	0	0	0	2	0	0	0	1	1	1	2	0	0	0	33	0	1	0	0	0	15	0	1	0	0	0	0	0	2	2	29	0	0	0	2	3	0	6	6	0	0	0	0	0	4	0	0	0	2	0	0	0	20	2	2	1	0	15	0	0	0	0	10	8	0	42	0	0	0	0	0	0	0	0	0	0	0	1	9	0	1	0	0	1	2	0	0	0	0	0	2	0	8	4	0	0	4	0	45	0	0	1	3	0	0	1	0	1	0	0	0	0	0
OTU_49	11	0	0	0	3	0	126	0	0	0	0	0	31	0	20	2	36	4	1	65	13	0	83	223	0	18	2	0	0	86	0	0	0	0	0	1	0	32	25	10	0	11	1	25	0	0	7	5	0	0	0	0	0	123	22	0	0	0	0	0	0	24	8	0	165	0	48	0	0	1	0	9	156	0	282	0	0	4	0	2	12	24	4	1	43	0	90	39	0	6	0	7	10	1	0	0	0	0	27	22	0	16	5	1	4	10	0	602	31	24	20	39	14	1	60	0	0	0	24	10	1	0
OTU_42139	2	0	1	11	3	0	9	0	0	0	0	0	10	0	12	0	3	0	6	9	0	0	0	152	0	8	0	4	0	71	0	2	0	0	0	0	0	4	8	195	0	0	1	44	8	0	16	77	0	0	0	0	0	27	1	0	0	21	0	0	0	139	21	21	12	0	44	0	0	0	0	94	14	0	184	0	0	6	1	3	1	3	0	3	9	0	18	94	0	1	0	1	3	103	0	0	0	0	1	1	0	25	10	0	2	51	0	257	0	0	10	4	1	0	4	0	7	0	0	2	0	0
OTU_131671	0	0	0	0	0	3	1	0	0	0	0	0	0	0	1	0	0	0	0	0	0	0	0	22	0	5	0	0	0	3	0	0	0	0	0	0	0	0	1	19	0	1	0	1	0	0	9	13	0	0	0	0	0	8	0	0	0	1	0	0	0	1	0	2	0	0	5	0	0	0	0	1	4	0	7	0	0	3	0	0	0	0	0	0	2	0	3	9	0	0	0	0	0	10	0	0	2	0	10	0	0	1	0	0	0	0	0	9	0	0	3	2	0	0	0	0	0	0	0	0	0	0
OTU_126657	0	0	0	0	0	3	8	0	0	0	0	0	0	0	1	0	0	0	0	0	0	0	0	20	0	1	0	0	0	9	0	0	0	0	0	0	1	0	0	23	0	0	0	3	0	0	4	14	0	0	0	0	0	2	0	0	0	3	0	0	0	22	3	3	0	0	18	0	0	0	1	6	3	0	14	0	0	0	0	1	0	0	0	0	0	0	3	19	0	0	0	0	0	19	0	0	0	0	0	0	0	2	0	0	0	4	0	6	0	0	3	2	0	0	3	0	0	0	0	0	0	0
OTU_2024	0	0	0	2	1	0	5	0	0	0	0	0	2	0	2	1	0	0	2	1	1	0	0	11	0	6	0	0	0	18	0	0	0	0	0	0	0	7	1	16	0	0	0	5	3	0	1	9	0	0	0	0	0	9	0	0	0	6	2	0	0	10	0	17	5	0	17	0	0	0	0	12	11	0	9	0	0	1	0	1	1	0	0	3	3	0	8	18	1	0	0	1	0	8	0	0	1	0	2	2	0	1	0	0	0	2	0	19	0	0	3	3	0	0	3	0	0	0	0	0	0	0
OTU_134233	2	0	0	0	0	0	13	0	0	0	0	0	3	0	1	0	1	0	0	0	0	0	0	42	0	1	0	0	0	4	0	0	0	0	1	0	0	3	19	30	0	12	0	0	0	0	15	38	0	0	0	0	0	16	2	0	0	4	0	0	0	18	3	0	2	0	43	0	0	1	0	8	45	0	32	0	0	3	0	0	2	0	0	0	5	0	4	19	2	0	0	0	1	8	0	0	0	0	5	3	0	2	1	0	0	6	0	14	0	0	6	3	1	0	5	0	0	0	0	1	0	0
OTU_94420	8	0	0	0	0	2	110	0	1	1	0	0	72	0	45	0	53	5	0	5	15	0	0	937	0	23	0	0	0	86	13	6	0	0	14	5	0	36	336	517	3	129	8	8	0	2	400	609	0	0	0	0	0	114	15	0	0	48	5	9	0	131	22	21	105	0	954	1	0	2	8	38	644	0	523	1	0	228	0	0	105	30	0	1	85	0	135	98	12	25	1	9	2	101	0	0	35	0	299	66	2	42	23	0	0	53	0	141	0	4	143	86	9	1	105	4	0	0	0	13	0	0
OTU_70474	0	0	0	0	0	0	9	0	0	0	0	0	3	0	4	0	0	0	0	0	1	0	0	49	0	0	0	0	0	3	0	0	0	0	1	1	0	2	20	19	0	3	1	2	0	0	9	25	0	0	0	0	0	10	1	0	0	1	0	1	0	4	0	2	5	0	57	0	0	0	0	0	21	0	16	0	0	12	0	0	6	3	0	0	2	0	4	4	0	0	0	0	1	4	0	0	0	0	23	4	0	3	1	0	0	1	0	3	0	0	12	2	0	0	4	0	0	0	0	1	0	0
OTU_141084	0	0	0	1	1	2	10	0	0	0	0	0	18	0	115	1	19	7	0	1	1	0	0	53	0	0	0	2	0	21	0	1	0	1	0	1	1	2	5	15	0	0	23	5	2	0	5	7	2	0	0	0	1	9	26	0	1	4	1	0	0	5	4	5	295	1	20	0	0	1	0	1	18	0	29	1	0	0	0	2	3	5	5	0	22	1	1	3	1	9	0	0	0	3	0	16	0	0	3	2	0	2	20	0	1	8	0	17	0	0	7	4	1	2	5	0	0	3	1	2	0	0
OTU_116	0	0	0	0	2	33	4	0	0	0	0	0	2	0	6	0	1	0	1	0	1	0	0	9	0	14	0	0	2	6	1	0	0	0	0	0	0	3	2	33	0	0	0	6	0	0	34	35	0	0	0	0	0	10	5	0	0	0	2	5	0	15	5	21	10	0	23	0	0	0	0	9	17	0	11	0	0	2	0	3	1	4	0	0	10	0	7	26	0	0	0	1	0	45	0	0	1	0	46	0	0	7	0	0	2	1	0	7	0	0	6	1	0	0	2	0	0	0	0	0	0	0
OTU_25060	3	0	0	0	8	72	53	0	0	0	0	0	26	0	22	0	17	0	17	24	8	0	0	325	0	184	0	0	0	112	2	2	0	0	8	3	0	37	171	333	0	3	1	51	0	0	115	331	0	0	0	0	0	131	20	0	2	116	57	98	0	112	29	226	107	0	303	0	0	20	3	66	187	0	103	2	0	22	14	32	25	40	0	0	78	0	156	222	24	8	0	10	14	336	0	0	31	0	47	23	7	62	3	0	25	31	0	70	0	1	123	48	2	0	149	0	2	0	0	2	0	0
OTU_141864	0	0	0	0	0	1	5	0	0	0	0	0	2	0	2	0	1	0	2	1	0	0	0	11	0	13	0	0	0	13	0	0	0	0	0	0	0	3	3	8	0	0	0	1	0	0	0	9	0	0	0	0	0	2	0	0	0	1	1	1	0	15	1	4	0	0	17	0	0	0	0	5	6	0	11	0	0	0	0	1	0	2	0	0	0	0	6	4	0	0	0	0	0	4	0	0	1	0	2	0	1	3	0	0	0	3	0	7	0	0	0	0	3	0	0	0	0	0	0	0	0	0
OTU_81812	34	0	0	54	15	0	78	0	0	1	0	1	39	0	52	0	8	1	28	37	9	0	1	440	0	16	4	57	0	244	0	6	1	3	0	1	0	14	12	651	0	0	8	118	76	0	74	251	0	0	0	0	1	59	8	0	1	101	1	0	0	829	168	82	33	0	171	0	0	0	12	600	45	0	635	0	0	14	5	17	9	14	4	18	21	0	51	295	0	7	0	2	21	263	0	1	0	1	4	16	0	88	43	0	19	251	1	895	1	0	49	48	16	0	25	0	56	0	0	9	1	0
OTU_126004	77	0	2	192	70	0	152	0	0	1	0	0	73	0	135	3	24	8	78	67	27	0	2	757	0	63	9	192	1	555	0	20	1	0	0	0	0	43	28	2299	0	0	18	373	259	0	202	684	0	0	0	0	0	142	39	0	0	284	0	0	0	3822	317	226	139	0	406	0	0	0	25	2548	62	0	2225	0	0	34	10	42	21	59	1	48	73	0	202	970	0	9	0	19	43	880	0	0	3	1	13	24	0	256	59	0	27	664	0	3335	1	1	102	90	49	0	45	0	227	1	6	18	0	0
OTU_28895	0	0	0	0	0	0	6	0	0	0	0	0	4	0	0	0	0	0	0	0	0	0	0	40	0	2	0	0	0	2	0	0	0	0	0	0	0	7	18	29	0	0	0	0	0	0	22	32	0	0	0	0	0	1	0	0	0	0	1	0	0	3	4	1	3	0	56	0	0	0	0	0	14	0	6	0	0	5	0	0	3	0	0	0	7	0	4	3	0	0	0	0	0	8	0	0	3	0	11	0	0	1	0	0	0	0	0	3	0	0	5	3	0	0	3	0	0	0	0	0	0	0
OTU_73776	0	0	0	0	0	0	2	0	0	0	0	0	1	0	0	0	4	0	0	1	0	0	0	49	0	3	0	0	0	8	0	0	0	0	0	0	0	3	11	5	0	0	0	1	0	0	8	33	0	0	0	0	0	8	1	0	0	4	1	1	0	6	1	5	2	0	29	0	0	0	0	1	27	0	10	0	0	0	0	0	2	0	0	0	1	0	2	12	0	0	0	0	0	7	0	0	1	0	2	0	0	5	0	0	0	1	0	6	0	0	10	6	0	0	12	0	0	0	0	0	0	0
OTU_134144	0	0	0	0	0	5	7	0	0	0	0	0	1	0	5	0	0	0	0	3	0	0	0	80	0	10	0	0	0	26	0	0	0	0	0	0	0	1	12	123	0	0	0	10	0	0	11	58	0	0	0	0	0	13	3	0	0	9	1	0	0	43	15	31	7	0	45	0	0	0	0	24	26	0	36	0	0	3	1	2	1	0	0	0	2	0	21	71	0	0	0	1	0	80	0	0	0	0	2	0	0	8	0	0	2	6	0	28	0	0	9	2	0	0	9	0	0	0	0	0	0	0
OTU_120050	0	0	0	0	3	10	0	1	0	12	3	0	0	0	0	0	10	0	1	0	0	2	129	37	4	14	0	1	1	0	0	0	2	1	0	1	0	1	0	2	1	90	0	7	0	0	1	1	0	0	0	0	3	0	0	0	0	0	6	4	0	0	2	45	1	9	20	0	0	4	693	1	1	2	18	2	0	3	1	11	1	1	0	0	3	0	0	0	0	0	0	0	0	0	0	0	0	1	1	0	1	7	0	3	1	339	0	13	38	4	2	0	3	1	0	0	2	0	210	1	0	0
OTU_140955	8	5	0	25	19	68	22	5	4	37	29	11	11	5	31	4	9	0	9	0	79	8	10	64	27	4	1	79	6	47	1	12	41	10	3	18	0	2	21	6	3	88	71	30	2	1	39	14	10	25	8	13	11	9	23	0	12	0	23	48	32	12	31	80	38	21	68	54	30	16	70	18	32	29	61	101	3	96	10	23	12	15	0	11	51	16	11	45	29	3	8	7	3	9	25	1	9	22	41	2	31	42	0	48	5	8	3	31	6	1	21	7	12	3	18	18	6	9	25	18	2	3
OTU_20064	3	5	0	11	0	4	8	0	0	9	8	4	0	3	0	1	0	0	0	0	1	0	6	3	17	2	0	9	0	1	0	0	6	1	5	0	0	0	2	0	1	1	2	1	1	1	2	4	0	0	0	4	3	8	1	0	1	0	25	1	7	1	0	4	2	13	12	4	12	5	1	0	3	3	1	0	0	2	0	2	5	0	0	0	4	0	2	3	6	0	3	7	0	1	0	0	2	4	5	0	3	13	6	10	1	1	1	0	8	14	11	0	0	2	8	3	0	3	13	0	0	0
OTU_77199	2	7	0	13	1	0	0	0	0	4	7	3	0	0	4	0	0	1	0	0	0	0	1	2	4	2	3	0	0	4	0	1	8	3	3	0	0	0	2	2	0	0	1	0	1	0	7	2	0	0	0	11	0	0	1	0	0	0	9	3	1	0	1	11	0	9	6	10	2	2	0	1	1	0	1	0	0	15	0	1	5	0	0	2	8	0	1	1	31	0	5	1	0	0	0	0	2	2	5	0	18	5	0	0	2	0	0	5	2	1	7	0	0	0	1	0	0	1	0	1	0	0
OTU_113878	0	0	0	1	1	0	4	0	0	12	1	0	0	0	2	0	2	0	2	0	3	0	0	3	6	0	0	2	3	0	1	2	1	4	0	0	0	0	1	0	0	7	11	5	0	0	1	1	35	1	3	0	0	1	0	0	3	0	2	0	2	6	12	2	0	2	3	2	0	0	0	2	5	2	5	7	0	1	0	4	2	7	0	0	0	2	3	2	0	1	0	0	1	0	2	0	0	4	7	0	0	8	0	0	1	0	0	3	0	0	1	1	0	3	3	3	0	0	0	1	0	0
OTU_25815	2	4	0	0	2	2	17	0	0	23	0	3	0	0	4	0	1	0	10	0	6	2	2	14	25	0	0	1	0	6	0	1	2	8	3	3	0	0	4	4	1	0	12	4	0	2	17	5	1	3	3	1	24	3	6	0	8	1	43	1	17	6	6	10	4	19	19	4	12	24	0	4	18	0	9	0	0	6	2	2	2	7	0	9	0	0	3	3	3	2	2	4	0	4	24	0	0	3	7	0	5	7	0	0	0	2	0	5	1	0	10	5	3	0	1	4	0	0	1	57	1	0
OTU_250	2	31	37	60	4	46	20	2	18	21	6	61	5	4	8	2	108	0	1	0	16	11	3	17	24	7	0	15	2	8	5	5	19	11	1	4	2	5	14	1	2	60	16	8	2	6	23	13	4	1	35	8	3	6	9	1	4	3	5	35	28	4	3	5	10	8	20	23	20	1	5	5	19	2	11	13	8	23	1	7	25	28	0	18	28	13	5	6	6	0	14	9	5	65	26	33	7	4	2	0	6	2	0	9	3	14	16	1	2	4	0	19	20	0	8	2	8	132	2	2	0	2
OTU_128205	1	1	0	1	2	0	17	1	0	5	0	0	0	0	4	0	0	0	0	0	0	0	0	11	3	1	0	5	0	3	0	0	0	3	0	1	0	0	4	4	0	1	1	0	0	0	3	9	1	1	1	0	4	3	8	0	0	0	8	0	5	3	1	3	1	3	19	2	1	6	0	7	14	1	12	2	0	1	0	2	3	0	0	2	0	1	6	5	0	1	4	6	0	7	6	0	0	1	5	0	0	5	0	1	1	0	1	3	0	1	2	0	0	0	6	4	0	0	0	2	0	0
OTU_37	111	8	71	18	141	42	391	27	9	387	9	142	15	2	67	8	52	5	132	2	80	5	45	199	174	1	9	35	13	234	14	16	11	279	6	39	2	0	252	112	26	100	294	167	6	6	337	357	47	95	6	20	343	210	354	2	201	18	433	20	301	79	107	194	94	303	305	31	15	298	16	315	165	24	229	28	1	538	20	60	103	63	3	182	156	21	302	207	10	66	48	243	36	476	250	1	2	12	390	2	18	168	2	13	54	46	81	104	6	4	217	37	23	5	222	226	3	24	12	182	9	0
OTU_42	48	302	99	617	27	41	74	83	45	322	768	230	70	8	160	18	155	11	56	1	114	32	68	228	78	41	19	165	33	276	22	21	3488	306	1502	160	38	5	470	57	107	198	397	62	10	45	375	194	134	42	108	648	163	56	149	42	67	5	177	65	95	54	75	114	160	136	106	2553	4476	108	334	100	72	222	152	86	23	860	16	19	65	156	7	97	567	74	103	109	2470	8	1095	50	8	132	318	62	300	2775	96	9	2994	38	9	7	53	52	21	54	15	18	76	113	106	3	52	34	23	103	32	77	61	12
OTU_95939	0	0	0	0	2	7	16	0	1	5	0	1	2	0	1	0	5	0	2	0	4	0	0	5	9	0	0	3	1	6	0	1	0	0	0	8	1	0	1	1	4	28	1	15	0	0	0	0	22	0	1	0	5	0	3	0	2	0	5	3	0	1	10	2	3	2	2	0	0	2	0	2	0	0	3	0	0	0	0	11	0	4	0	0	0	1	2	0	0	1	0	6	1	4	1	0	0	0	0	0	0	0	0	4	0	7	0	7	0	0	1	0	0	0	0	0	0	2	0	10	1	0
OTU_30972	1	1	0	6	0	2	4	0	1	1	1	5	1	1	3	0	6	2	0	0	2	0	1	3	10	0	2	14	1	4	0	3	0	2	0	6	0	0	6	0	0	44	11	7	2	0	1	3	5	2	3	2	2	1	1	2	0	0	0	2	6	1	9	1	1	0	3	0	3	0	1	2	2	4	9	1	0	2	1	0	2	1	1	0	1	5	0	0	0	0	0	3	0	5	6	0	1	0	4	0	1	3	0	4	2	1	0	10	0	0	3	1	2	0	0	0	0	2	1	3	0	0
OTU_133913	2	3	1	1	2	0	16	0	0	13	6	3	0	0	6	1	0	0	3	0	0	0	0	5	4	0	0	2	0	11	0	0	3	10	3	0	0	0	3	4	0	0	8	1	0	0	10	10	8	0	2	2	7	3	10	2	4	0	5	0	4	0	0	3	6	5	8	1	7	2	1	8	1	0	6	0	0	30	0	1	2	0	0	7	12	1	4	7	7	1	3	3	0	10	3	0	2	7	6	0	13	5	0	0	2	3	0	0	0	0	5	1	1	1	4	2	0	1	0	3	1	0
OTU_127	35	3	32	18	48	216	29	4	22	281	10	10	104	3	54	47	562	1	27	7	169	6	95	118	78	55	12	49	57	39	0	6	51	120	5	617	0	2	507	20	6	1066	44	360	5	0	69	26	47	126	0	6	53	18	25	3	153	2	138	130	234	66	313	34	105	44	62	12	45	52	117	21	94	3	46	49	0	54	16	301	69	138	8	15	32	30	28	29	2	29	3	31	138	26	65	1	0	3	60	6	3	43	1	14	32	136	25	362	12	13	221	21	17	0	21	176	3	1	95	34	7	0
OTU_58872	218	123	18	216	160	108	169	3	3	597	268	59	1	71	23	9	0	0	34	0	19	34	407	192	438	53	2	398	1	81	10	94	87	118	84	0	1	2	253	100	2	65	171	95	10	26	214	79	8	98	68	110	202	177	77	0	62	3	1098	61	95	73	80	287	42	673	461	259	281	276	244	45	144	114	75	2	10	261	46	35	169	12	0	199	25	7	141	83	112	26	74	109	23	10	85	2	24	233	352	1	141	784	0	261	112	128	31	29	354	438	898	10	7	49	143	280	76	200	548	52	0	33
OTU_138243	286	65	522	68	263	189	571	184	19	683	27	690	38	2	158	18	198	117	392	13	155	4	214	352	372	16	24	85	6	646	46	91	105	578	30	131	1	1	399	324	24	107	812	420	148	5	1516	775	214	257	6	136	983	565	954	3	679	28	1420	116	457	178	196	425	330	977	402	82	145	736	47	699	166	34	348	79	2	2218	63	56	207	75	2	599	853	84	1020	564	34	161	410	669	66	898	1155	2	9	47	969	0	71	182	53	44	108	43	234	77	26	24	579	180	62	9	748	761	56	76	25	268	18	4
OTU_1049	6	9	2	18	8	6	17	10	15	26	9	37	4	0	44	2	6	1	13	2	6	0	17	22	10	1	1	64	4	7	0	12	12	8	6	12	4	2	11	16	12	14	32	9	8	0	4	5	7	4	5	5	3	5	12	0	6	29	13	2	6	8	8	12	38	9	16	20	11	7	10	7	2	32	2	3	2	14	2	3	5	21	0	3	11	10	5	10	8	4	19	5	0	17	17	0	6	4	30	3	10	35	3	8	3	15	0	21	14	12	9	12	6	1	2	3	7	13	23	6	1	2
OTU_65249	1	0	0	0	0	0	0	0	1	0	0	0	0	0	0	5	0	0	5	0	0	0	0	3	0	0	0	0	5	1	0	1	0	0	0	0	0	0	2	0	0	0	0	0	0	0	3	0	5	18	0	0	0	0	0	18	22	0	0	3	14	0	0	5	0	0	0	0	0	0	0	0	0	1	0	4	0	0	37	0	2	0	8	2	15	0	0	0	0	0	0	3	4	0	0	26	0	0	0	7	0	0	0	0	7	0	12	0	0	0	4	0	0	0	21	7	0	3	0	9	4	31
OTU_96715	0	0	0	0	0	7	0	0	0	0	0	0	0	1	0	3	0	0	0	0	0	7	0	0	0	0	2	0	1	1	0	3	0	0	0	0	0	0	0	1	0	0	0	0	0	0	4	0	0	9	0	0	0	0	0	5	1	0	0	4	1	0	8	1	0	0	0	1	0	0	0	0	0	0	1	4	0	0	0	0	0	0	3	0	1	1	0	0	0	29	0	0	11	4	0	8	0	0	0	7	0	0	0	0	0	0	20	0	0	0	0	0	0	0	0	4	0	0	0	0	7	0
OTU_116116	4	0	0	0	0	1	0	0	0	0	0	0	0	0	0	6	0	0	0	3	0	0	0	5	0	0	0	0	13	0	0	1	0	0	0	15	0	0	2	0	0	0	0	0	0	0	0	0	3	7	1	0	0	0	0	0	13	0	0	3	3	0	18	3	0	0	0	0	1	0	0	0	0	0	0	2	0	0	1	2	2	0	13	3	1	0	0	0	0	12	0	2	3	0	0	1	0	0	0	75	0	0	0	0	0	0	7	2	0	0	0	0	0	0	3	3	0	41	0	8	28	11
OTU_3312	3	0	0	0	0	10	0	2	4	0	0	0	0	17	0	19	0	0	14	26	1	0	0	11	0	0	0	0	58	0	0	10	1	0	0	1	0	3	5	0	0	0	0	0	0	0	0	0	2	119	0	0	0	0	0	3	98	0	4	46	39	0	40	24	0	0	0	0	1	0	0	0	0	1	0	3	0	0	42	24	13	0	8	7	27	0	0	0	0	73	0	11	102	4	0	6	0	0	1	107	0	0	0	0	16	0	73	3	0	1	9	0	0	0	24	63	0	13	0	9	10	121
OTU_89041	0	0	0	0	0	14	0	0	1	0	6	0	0	3	0	2	0	0	0	0	2	16	0	0	0	0	3	0	2	0	0	12	0	0	0	2	0	0	0	0	0	0	0	1	0	0	7	0	1	7	0	0	0	0	0	16	4	0	0	5	1	0	17	2	0	0	0	0	0	0	0	0	0	0	8	6	0	0	0	2	0	0	6	0	0	3	0	0	0	14	0	0	5	14	0	14	0	0	0	8	0	0	0	0	0	0	9	2	0	0	0	0	0	0	0	4	0	0	0	0	19	0
OTU_507	0	0	0	0	0	0	0	0	2	0	0	0	0	18	0	1	0	0	0	2	0	0	0	1	0	0	1	0	20	0	0	0	0	0	0	0	0	0	0	0	0	0	0	0	0	0	0	0	53	1	0	0	0	0	0	5	5	0	3	0	3	0	2	6	0	0	0	2	0	0	0	0	0	0	1	14	0	0	1	1	1	0	162	0	3	1	0	0	0	21	0	0	1	4	0	20	0	0	0	15	0	0	0	0	0	0	2	0	0	0	2	0	0	0	2	0	0	2	0	5	8	9
OTU_12	0	0	0	0	0	10	0	0	0	0	0	0	0	3	0	16	0	0	0	0	0	14	0	0	0	0	2	0	9	1	0	17	0	0	0	6	0	0	0	0	0	0	0	0	0	0	23	0	1	25	0	0	0	0	0	16	21	0	0	12	3	0	47	11	0	0	0	0	0	0	0	0	0	0	2	15	0	0	0	2	0	0	8	1	1	0	0	0	0	63	0	0	34	9	0	27	0	0	0	25	0	0	0	0	0	0	73	0	0	0	0	0	0	0	0	14	0	0	0	0	31	0
OTU_41876	0	0	0	0	0	1	0	0	0	0	0	0	0	7	0	9	0	0	0	4	0	0	0	0	0	0	0	0	10	0	0	2	0	0	0	0	0	1	0	0	0	0	0	0	0	0	4	0	29	14	0	0	0	0	0	16	19	0	0	1	4	0	4	3	0	0	0	0	0	0	0	0	0	0	0	8	0	0	0	1	0	0	80	0	16	0	0	0	0	17	0	0	4	1	0	6	1	0	0	26	0	0	0	0	0	0	15	1	0	0	1	0	0	0	3	0	0	4	0	5	1	24
OTU_446	0	0	0	0	0	2	0	0	0	0	0	0	0	1	0	0	0	0	0	0	0	1	0	0	0	0	0	0	19	0	0	2	0	0	0	0	0	0	0	0	0	0	0	0	0	0	23	0	0	16	0	0	0	0	0	1	0	0	0	8	2	0	0	10	0	0	0	0	0	0	0	0	0	0	0	6	0	0	0	2	0	0	4	0	0	0	0	0	0	22	0	0	37	10	0	22	0	0	0	20	0	0	0	0	0	0	34	0	0	0	0	0	0	0	0	0	0	0	0	0	53	0
OTU_44133	0	0	0	0	0	0	0	0	6	0	6	0	0	168	0	50	0	0	0	66	0	0	0	0	0	0	0	0	277	0	0	2	2	0	0	0	0	0	0	0	0	0	0	0	0	0	0	0	446	1	0	0	0	0	0	1	1	0	0	18	0	0	48	12	0	0	0	1	6	0	0	0	0	1	0	73	0	0	1	18	0	0	1177	0	0	0	1	0	0	321	0	0	25	0	0	3	0	0	0	666	0	0	0	0	0	0	0	8	0	0	0	0	0	0	4	0	0	24	1	5	30	185
OTU_131730	0	0	0	0	0	0	1	0	45	0	0	1	1	4	0	208	0	0	3	20	2	1	0	1	0	0	1	0	67	8	0	95	0	1	0	11	0	6	2	0	0	0	0	0	0	0	128	0	439	415	0	1	0	0	0	1798	657	0	1	22	208	0	2	280	0	0	0	0	0	0	0	0	0	34	25	341	0	0	1	0	4	0	662	6	665	15	0	0	0	27	0	0	46	29	0	2530	0	0	3	69	0	0	0	0	1	1	1371	1	0	0	23	1	0	0	5	12	0	28	1	642	45	504
OTU_110764	0	0	0	0	0	0	0	0	2	0	1	0	0	2	0	14	0	0	1	5	0	0	0	0	2	0	0	0	11	0	0	8	0	0	0	0	0	2	2	0	0	0	0	0	0	0	5	0	20	20	0	0	0	1	0	69	47	0	0	5	24	0	0	36	0	0	0	1	0	0	0	0	1	4	5	28	0	0	3	0	0	0	74	0	25	0	0	0	0	1	0	2	2	4	0	196	0	0	0	11	0	0	0	0	2	0	59	0	0	0	4	0	3	0	14	5	0	6	0	44	4	46
OTU_32746	0	0	0	0	0	10	0	0	2	0	0	0	0	0	0	0	0	0	1	2	0	1	0	0	0	0	0	0	31	0	0	0	0	0	0	0	1	0	0	0	0	0	0	0	0	0	40	0	2	3	0	0	0	0	0	21	0	0	0	96	2	0	4	12	0	0	0	2	0	0	0	0	0	0	0	22	0	0	0	0	0	0	110	0	0	0	0	0	0	7	0	0	4	9	0	58	0	0	0	25	0	0	0	0	0	0	0	0	0	0	2	0	0	0	2	0	0	0	0	0	27	0
OTU_46232	0	0	0	0	0	10	0	0	2	0	0	0	0	0	0	2	0	0	1	0	0	0	0	0	0	0	0	0	57	0	0	0	0	0	0	0	0	0	0	0	0	0	0	0	0	0	44	0	0	0	0	0	0	0	0	28	0	0	0	118	0	0	0	13	0	0	0	0	0	0	0	0	0	2	0	36	0	0	0	0	2	0	186	0	0	0	0	0	0	0	0	0	0	7	0	28	0	0	0	19	0	0	0	0	0	0	0	0	0	0	11	0	0	0	0	0	0	0	0	0	26	0
OTU_92199	0	0	0	0	0	0	0	0	0	0	0	0	0	15	0	10	0	0	0	17	0	0	0	0	0	0	0	0	31	0	0	1	0	0	0	0	0	0	0	0	0	0	0	0	0	0	0	0	35	0	0	0	0	0	0	0	0	0	0	3	0	0	10	0	0	0	0	0	3	0	0	0	0	0	0	15	0	0	1	1	0	0	200	0	0	1	0	0	0	19	0	0	1	0	0	2	0	0	0	231	0	0	0	0	0	0	0	4	0	0	0	0	0	0	0	0	0	4	0	1	9	14
OTU_138136	14	2	1	2	0	1700	5	21	281	0	197	1	3	2241	2	2175	2	17	46	326	31	2489	34	18	10	2	390	8	2420	39	0	1408	50	0	21	838	10	16	6	4	0	3	13	27	1	0	2685	2	4475	4897	7	5	1	11	3	3740	2637	13	27	2013	522	2	5574	1292	2	15	15	50	72	4	1	2	0	24	210	1994	5	7	126	436	22	3	12818	70	309	174	2	0	16	10106	2	8	4069	1545	0	4404	40	11	5	8230	67	1	3	0	15	2	10949	105	3	2	83	4	8	0	176	1496	0	252	16	286	6913	1197
OTU_139379	0	0	0	0	0	17	0	2	2	0	3	0	0	11	0	16	0	0	0	1	0	11	0	0	0	0	2	0	1	0	0	13	0	0	0	7	0	0	0	0	0	0	0	0	0	0	18	0	2	2	0	0	0	0	0	27	8	0	0	18	3	0	58	8	0	0	0	0	0	0	0	1	0	0	8	10	0	0	0	6	0	0	11	1	1	0	0	0	0	80	0	0	8	36	0	58	0	0	0	19	0	0	0	0	0	0	20	4	0	0	0	0	0	0	1	4	0	0	0	1	9	2
OTU_125786	0	0	0	0	0	40	0	1	2	0	5	0	0	24	0	42	0	1	4	7	4	37	0	1	0	0	20	0	64	0	0	34	2	0	0	29	0	0	1	0	0	1	0	0	0	0	47	1	11	141	0	0	0	0	3	119	175	0	21	54	23	0	133	52	0	1	1	0	1	0	0	0	1	2	6	31	0	0	34	19	0	0	62	3	21	14	0	0	0	94	0	7	119	30	0	130	0	0	1	160	0	0	0	0	6	0	202	1	0	0	6	0	0	0	29	45	0	2	0	9	112	40
OTU_82165	11	0	0	0	0	0	0	0	0	0	0	0	0	1	0	0	0	0	163	0	0	0	0	42	0	0	0	0	1	0	0	0	0	0	0	0	0	0	57	0	0	0	0	0	0	0	0	0	2	3	0	0	0	1	2	8	6	5	0	73	6	0	0	1	0	0	0	5	0	0	0	0	0	0	0	6	0	0	395	0	15	0	6	14	11	1	3	0	0	1	0	32	0	0	0	19	0	0	6	34	0	0	0	0	52	0	2	0	0	0	36	0	0	0	986	0	0	0	0	8	34	0
OTU_33019	0	0	0	0	0	0	0	0	0	0	0	0	0	0	0	3	0	0	1	0	0	0	0	1	0	0	0	0	0	0	0	0	0	0	0	0	0	0	0	0	0	0	0	0	0	0	1	0	1	5	0	0	0	0	1	14	17	0	0	3	4	0	0	7	0	0	0	0	0	0	0	0	0	1	0	1	0	0	4	0	2	0	6	0	6	0	0	0	0	0	0	0	3	0	0	14	0	0	0	1	0	0	0	0	0	0	4	0	0	0	0	0	0	0	5	1	0	2	0	15	1	10
OTU_47414	7	0	13	1	17	21	9	12	3	27	0	0	12	0	18	0	7	0	6	0	23	6	6	20	8	1	9	5	1	2	0	11	0	28	2	28	1	6	48	2	19	2	1	2	0	0	5	0	0	30	0	0	9	7	6	0	1	1	9	2	39	12	5	2	3	2	3	1	0	8	3	1	18	2	3	2	0	3	7	0	12	38	0	0	15	1	5	0	0	0	0	9	0	1	3	0	0	3	7	0	0	11	0	2	9	4	6	1	0	1	3	15	15	2	3	0	7	0	7	2	2	1
OTU_186	57	18	109	20	44	42	45	27	77	40	116	102	406	47	45	5	625	3	36	1	45	84	21	61	53	20	39	32	9	15	0	2	67	56	7	40	1	15	34	72	31	84	40	30	13	0	14	48	127	34	16	29	32	30	81	0	14	118	34	54	47	61	6	58	53	29	64	73	26	39	11	52	82	34	43	12	0	5	17	7	86	60	0	52	8	60	43	59	26	4	49	25	2	46	30	0	15	4	56	0	12	65	3	8	6	62	0	15	10	14	18	137	55	3	32	20	12	25	2	3	9	8
OTU_133675	229	19	343	46	1145	143	487	622	141	315	165	197	676	190	85	5	299	65	1284	5	1010	286	99	377	720	59	1304	110	154	188	2	119	95	230	61	112	34	112	405	154	430	248	127	194	85	11	42	105	292	107	298	15	615	480	307	42	290	150	293	132	244	569	74	208	145	712	252	73	62	487	35	124	1271	240	196	402	0	27	105	18	1058	563	2	127	23	193	398	198	178	83	53	171	11	91	547	21	13	58	445	10	21	709	39	81	370	285	22	149	55	26	211	551	751	195	346	197	271	42	34	35	105	30
OTU_103646	89	13	429	64	600	241	90	431	190	190	91	75	435	134	86	21	469	670	258	18	166	208	440	114	217	50	141	171	30	254	2	2264	100	300	224	71	129	125	186	80	462	616	71	86	443	23	55	76	598	68	202	8	182	80	131	141	97	53	206	241	127	999	80	77	158	228	95	81	80	158	84	76	162	363	74	709	7	34	37	39	135	709	15	64	35	571	70	91	77	72	9	62	16	43	203	71	19	60	147	46	13	170	108	607	109	349	49	134	51	26	116	509	1326	807	74	84	4260	82	80	106	25	27
OTU_89	139	56	271	143	813	243	251	617	127	450	291	361	599	222	110	14	447	524	641	16	718	216	67	319	579	69	850	514	271	183	8	175	260	312	199	245	370	172	852	256	771	502	206	297	158	36	46	191	429	106	303	68	766	239	170	463	402	165	582	100	182	610	111	195	82	876	246	240	179	824	31	178	706	472	191	514	11	33	77	64	631	535	3	100	75	326	206	183	532	88	14	106	51	140	784	59	46	106	399	19	92	502	92	55	238	190	40	281	146	44	263	718	1119	349	140	178	417	71	72	88	162	26
OTU_52479	2	0	0	1	9	3	2	7	4	5	2	5	29	7	0	0	20	0	1	0	2	15	0	2	9	0	0	1	1	0	0	0	1	0	0	0	0	0	1	3	6	6	0	1	1	0	0	2	9	2	15	0	0	1	2	0	2	5	0	5	1	7	1	9	0	2	7	0	2	1	0	5	5	6	4	0	0	0	0	0	5	5	0	0	1	3	1	3	0	0	1	1	0	2	0	0	0	0	1	0	0	3	0	0	0	1	0	0	0	0	2	4	0	0	4	4	3	0	0	0	0	1
OTU_79878	112	25	269	101	566	168	122	945	56	141	218	61	509	71	64	16	255	63	286	8	222	215	155	171	761	54	277	293	61	91	5	118	148	200	75	51	5	81	165	208	974	798	63	168	102	19	57	87	156	78	286	42	487	59	85	105	106	64	131	58	180	397	92	173	65	768	221	138	77	353	46	171	262	234	138	229	8	11	54	36	285	255	5	45	30	380	77	164	77	50	16	65	29	94	815	53	20	73	239	7	28	346	16	96	126	136	74	254	68	68	105	283	483	106	78	77	188	87	66	46	82	24
OTU_104737	0	0	0	0	0	0	98	0	0	0	0	0	0	0	11	1	0	0	0	0	1	0	0	8	0	0	0	0	0	0	0	0	0	0	0	0	0	0	0	3	0	0	0	0	0	0	0	74	0	0	0	0	0	15	20	0	0	0	0	0	0	0	0	10	0	0	3	0	0	0	0	237	0	0	30	0	0	0	0	0	0	0	0	55	56	0	3	2	1	0	0	29	0	293	1	0	0	0	0	0	0	0	0	0	0	0	0	0	0	0	0	0	0	0	1	0	0	0	0	1	0	0
OTU_68	2	4	1	4	0	0	32	3	1	0	1	4	3	2	29	4	0	0	17	6	0	2	28	14	5	1	8	3	0	43	0	0	0	8	1	1	0	17	1	1	6	3	53	0	0	0	4	1	33	0	17	8	10	14	10	0	0	3	1	0	0	7	0	8	40	1	15	0	1	8	9	4	76	29	16	3	0	1	15	0	3	93	0	32	45	56	12	6	0	1	42	16	0	2	0	0	6	0	0	21	10	71	0	0	25	38	1	0	18	1	9	349	288	0	16	0	0	127	6	52	2	13
OTU_49378	0	0	0	0	0	0	0	0	0	0	0	1	0	0	0	3	0	0	0	14	0	0	5	4	0	77	0	0	0	3	0	2	0	1	0	0	0	0	0	0	0	0	1	0	0	0	0	18	11	0	0	1	2	0	0	0	0	1	1	0	0	1	0	0	0	0	0	0	12	1	2	8	0	0	10	2	0	0	0	0	0	20	0	0	4	11	0	4	0	0	0	0	0	17	0	0	0	0	1	0	0	0	0	0	2	1	0	0	1	2	1	0	0	0	0	0	0	0	0	0	0	0
OTU_193	6	1	7	3	1	7	12	1	9	76	2	8	4	14	6	0	2	0	14	0	31	18	6	6	43	3	1	0	1	10	0	3	34	46	0	0	0	1	43	19	0	22	5	0	3	0	1	3	180	1	36	15	110	4	1	0	26	3	67	1	1	5	0	3	4	75	0	19	73	59	0	9	12	1	13	27	0	1	1	0	4	21	0	2	5	195	10	5	0	0	5	6	0	3	36	0	0	0	12	0	0	30	0	0	13	3	0	1	0	4	12	4	2	0	6	21	2	5	1	0	2	0
OTU_171	3	0	5	0	34	0	6	3	0	21	0	0	1	0	12	0	0	0	2	0	4	0	0	33	14	0	2	0	0	9	0	0	0	5	0	0	0	1	83	13	0	2	17	57	1	0	0	13	0	0	2	0	9	7	18	0	1	2	9	0	0	21	22	61	9	15	29	1	0	7	0	26	4	2	9	2	0	2	0	20	1	1	0	4	0	2	13	16	0	4	0	4	9	28	21	0	0	0	1	0	0	3	2	0	0	0	0	21	0	1	0	20	5	0	21	3	0	0	0	0	3	0
OTU_88442	4	0	12	0	8	2	11	7	19	21	12	4	4	3	10	3	0	3	6	0	31	4	9	40	19	4	9	0	10	4	3	0	4	25	4	16	45	5	22	17	15	40	18	1	0	6	12	13	11	5	6	1	4	2	8	71	5	1	8	1	8	10	1	6	22	14	17	14	5	15	0	17	13	13	6	0	3	4	1	0	1	22	0	3	2	21	3	8	14	0	1	1	0	13	9	11	2	2	0	0	3	15	0	1	4	21	9	3	14	6	3	17	9	0	3	4	0	1	19	1	2	5
OTU_144	4	1	25	0	2	1	16	6	27	22	4	2	4	5	81	0	0	0	0	0	20	21	19	34	42	5	0	1	3	19	1	1	3	34	0	22	15	3	9	38	39	43	105	0	0	2	52	38	11	6	30	3	16	10	74	7	4	6	13	3	14	1	4	8	112	41	12	7	0	43	7	21	6	57	19	6	1	34	1	0	0	40	0	11	34	35	26	44	0	0	1	7	1	25	54	3	3	0	0	2	0	12	0	0	3	35	10	0	4	3	0	120	152	0	28	6	0	5	5	14	3	1
OTU_54	45	25	1304	27	44	25	156	111	373	543	81	104	42	30	616	1	1	1	77	2	536	33	525	237	788	55	53	6	124	146	27	14	111	1866	35	534	63	61	348	423	437	780	435	52	0	58	268	497	148	86	66	28	476	82	304	30	159	29	838	10	241	242	37	112	969	683	102	66	67	569	51	345	144	281	137	96	23	256	16	10	74	450	0	96	153	332	199	550	84	3	82	66	15	433	459	52	104	7	49	22	41	286	4	3	40	274	259	54	83	54	56	835	657	5	149	167	1	30	75	89	136	11
OTU_2867	1	5	0	3	0	0	0	0	6	1	0	1	0	0	1	0	0	0	2	0	0	0	1	2	0	15	1	0	0	0	7	0	0	0	0	92	0	4	1	2	3	0	1	2	0	0	0	18	1	0	0	2	0	3	4	0	0	0	0	0	0	0	0	1	0	0	1	0	0	0	3	38	0	0	0	0	1	0	0	0	0	0	0	1	0	6	0	1	0	0	0	1	0	21	0	1	0	0	0	0	0	0	1	0	7	2	0	0	64	36	0	0	1	0	3	0	0	0	0	4	2	0
OTU_343	3	0	0	1	4	3	0	0	2	3	0	0	12	0	4	0	8	8	0	0	1	0	0	3	3	2	13	0	0	0	0	0	0	1	1	3	0	8	2	1	0	9	6	3	0	0	5	1	2	0	0	0	3	4	0	0	0	1	2	2	0	8	4	1	5	7	0	0	0	3	0	1	0	0	2	0	0	3	0	0	0	1	1	1	0	7	2	2	0	1	0	0	0	1	11	0	0	0	7	0	0	3	1	0	0	0	0	3	1	0	1	7	6	0	0	4	1	0	0	0	6	0
OTU_471	1	8	0	3	0	1	2	4	5	0	13	9	10	0	0	1	15	1	3	0	2	14	1	5	1	9	4	2	2	0	0	6	50	2	0	3	0	10	3	4	2	3	2	0	0	0	1	4	1	1	6	2	4	1	0	0	0	0	3	0	1	14	3	0	0	0	5	11	16	1	1	2	3	7	1	3	0	0	0	0	5	8	2	0	0	5	0	0	5	1	0	0	0	1	2	0	3	1	4	1	1	10	0	3	0	6	0	0	0	2	0	1	6	0	0	0	5	0	4	3	0	0
OTU_13606	3	0	0	0	1	0	3	0	0	4	0	0	0	5	3	1	0	25	0	0	1	0	1	1	1	2	11	4	0	4	2	2	5	1	0	0	1	5	0	3	1	1	3	6	0	6	1	2	0	0	0	0	1	11	11	9	0	2	0	0	0	0	2	3	0	0	3	4	1	0	1	5	0	0	2	1	0	3	0	2	1	0	0	1	2	0	5	1	1	1	0	6	1	2	0	2	0	3	0	0	0	1	3	0	0	2	0	2	1	2	0	0	2	1	12	0	11	0	1	1	0	0
OTU_350	40	44	136	19	4	46	27	14	46	130	79	112	30	19	27	0	15	15	101	3	52	62	5	46	84	17	190	28	32	8	10	10	86	161	33	164	32	21	68	56	103	70	29	15	8	14	13	63	19	29	73	28	88	21	63	52	15	87	34	18	24	36	25	50	69	83	62	70	53	60	5	76	41	46	14	15	11	14	14	16	49	49	2	59	4	55	67	96	27	1	1	14	0	39	80	7	25	9	37	1	36	154	3	9	36	27	7	22	30	12	42	32	14	6	40	26	35	37	16	9	7	5
OTU_377	0	3	0	1	0	3	0	1	10	4	1	9	0	0	6	1	0	0	8	0	3	1	3	0	3	1	1	1	4	4	4	2	2	4	0	1	2	1	3	7	6	1	8	2	1	7	1	11	1	0	3	6	2	2	5	3	0	3	3	4	0	1	2	3	27	1	1	1	1	3	0	3	2	3	1	0	3	3	2	1	5	10	1	5	1	2	6	12	4	0	0	1	0	3	1	1	7	0	2	0	4	7	0	2	0	0	0	0	6	8	2	0	7	1	3	6	2	0	1	0	2	0
OTU_35237	3	20	48	13	4	21	5	9	25	18	38	29	17	9	17	0	6	14	32	0	21	26	2	7	24	0	26	16	6	1	10	0	23	26	5	67	27	12	10	15	17	29	6	8	6	15	2	24	7	5	32	6	23	6	23	38	7	21	17	6	7	18	12	4	25	17	29	22	9	33	5	13	14	42	10	16	8	4	0	7	20	30	0	9	4	26	17	25	7	1	0	5	1	1	38	6	9	3	10	2	7	52	1	7	9	13	0	13	10	2	12	7	4	3	20	13	5	36	5	5	6	0
OTU_81	55	27	58	15	1	5	5	3	36	115	27	73	7	1	72	0	1	1	28	0	20	37	0	1	88	4	3	9	14	12	10	4	42	482	10	1219	11	4	69	5	247	11	68	3	0	3	16	14	2	24	33	30	85	1	47	28	37	200	63	15	37	7	3	5	80	54	8	41	21	74	1	9	7	108	12	0	9	20	0	1	21	31	0	37	8	12	12	27	12	0	1	1	0	5	42	0	17	3	13	3	15	16	1	7	13	3	14	3	28	12	10	36	4	1	9	19	8	79	3	0	5	4
OTU_137206	9	0	0	0	0	0	0	0	0	11	0	1	0	0	1	0	0	0	0	0	0	0	0	1	0	0	0	0	0	0	0	0	3	12	0	0	0	0	11	1	1	2	0	0	0	0	0	2	0	1	0	1	1	61	14	0	1	6	0	0	0	3	3	2	2	0	4	0	0	3	0	1	0	0	0	3	0	0	0	0	2	0	0	12	0	0	25	1	1	0	0	0	0	0	0	0	7	0	0	0	0	1	0	1	0	1	0	3	0	1	4	0	1	0	16	0	0	0	0	0	0	0
OTU_93478	42	43	14	23	21	21	23	11	44	25	7	16	10	1	15	2	28	350	46	0	61	1	3	21	18	19	123	27	12	31	9	21	8	26	5	57	53	28	22	8	8	40	16	48	50	15	8	26	11	10	5	1	28	53	29	116	7	91	38	0	11	51	30	25	13	10	90	5	6	22	4	9	20	8	29	38	14	11	2	7	59	39	0	31	3	36	64	13	5	18	0	17	6	16	8	20	5	4	67	3	1	46	36	23	5	8	0	41	18	14	66	26	28	5	31	8	18	16	11	7	16	12
OTU_1	286	563	81	368	159	183	129	28	23	164	1	109	129	4	113	7	243	4570	180	4	303	2	0	129	66	42	485	196	86	109	20	213	3	133	31	234	457	234	116	30	24	436	95	276	1390	134	29	188	6	64	5	10	66	201	162	1148	34	321	158	3	36	250	191	314	48	51	705	0	4	99	19	40	135	7	222	228	91	64	42	42	78	326	5	108	59	16	270	49	23	83	1	56	30	58	41	116	2	18	259	4	14	381	307	56	68	99	20	139	82	40	58	124	252	27	120	40	391	342	47	22	60	106
OTU_41328	1	0	0	0	0	0	1	3	20	2	0	2	0	0	1	0	1	0	0	2	3	0	0	1	0	2	10	0	7	2	18	0	0	12	7	30	2	3	3	0	10	0	0	2	0	3	3	0	5	0	0	0	1	6	1	0	5	4	0	0	0	13	9	0	2	0	0	0	0	7	0	0	1	0	0	3	2	0	0	0	0	1	1	1	0	68	1	0	0	0	0	0	0	0	0	0	4	2	0	0	0	0	0	0	0	0	0	0	0	0	0	3	2	0	0	0	0	5	0	0	4	0
OTU_118298	2	5	0	2	2	1	4	1	2	4	18	10	2	20	4	1	0	7	0	2	3	10	3	3	1	70	8	3	1	2	3	7	10	6	5	7	1	2	3	1	3	1	2	2	0	8	6	0	0	0	5	1	5	14	6	0	1	12	3	0	1	4	4	9	8	3	12	10	5	3	14	1	5	2	4	0	1	3	1	4	2	4	0	11	9	23	5	1	0	0	1	0	0	6	0	1	1	1	1	0	2	5	1	20	0	6	0	1	17	19	4	0	3	4	4	1	3	2	12	1	3	0
OTU_62915	35	4	9	1	4	20	26	32	2	14	70	51	35	20	0	33	10	54	20	46	29	3	184	26	10	29	102	5	4	9	2	152	416	8	9	4	0	70	12	6	1	4	0	59	10	0	3	22	6	1	4	4	7	71	53	0	1	113	14	4	3	12	50	93	1	11	83	37	282	6	34	8	16	5	42	18	1	0	5	27	2	19	6	61	3	16	78	24	0	16	0	4	20	9	0	0	3	34	4	4	1	16	5	383	4	13	0	31	355	377	19	14	13	13	30	1	141	1	306	7	0	0
OTU_88277	27	11	2	3	8	16	12	72	11	13	306	30	42	382	10	3	23	75	13	10	21	63	23	22	13	164	76	8	23	15	10	75	312	26	15	34	0	29	13	30	31	32	2	24	8	12	20	70	17	4	32	1	32	64	20	0	17	59	25	3	2	38	22	37	6	8	30	141	246	24	7	20	19	10	21	67	3	3	1	11	4	20	6	26	3	110	46	28	1	8	2	4	12	104	9	0	1	12	19	0	0	12	4	107	1	11	0	26	59	54	4	13	17	1	22	13	98	0	68	15	5	3
OTU_216	2	1	0	0	4	0	6	15	6	3	0	2	1	0	2	0	0	30	4	1	4	0	0	5	6	0	18	0	0	5	2	0	0	8	1	1	1	9	7	3	6	1	2	11	0	2	8	2	1	3	6	0	0	17	8	0	5	25	6	0	2	5	17	10	11	3	7	0	0	2	0	1	7	4	4	1	1	6	0	2	0	7	3	8	11	3	20	7	0	1	0	6	0	6	7	0	0	0	2	0	2	3	1	1	5	0	0	34	0	0	3	4	11	1	12	0	0	1	2	1	0	0
OTU_4496	4	0	0	0	1	0	5	6	5	0	0	0	3	0	2	2	3	59	1	2	14	0	13	5	0	31	10	3	0	0	0	13	0	0	2	0	0	4	4	1	1	0	1	2	6	0	0	5	3	0	2	0	1	5	1	0	1	15	0	1	0	3	10	3	1	0	4	0	0	1	8	2	4	0	3	3	1	3	0	1	0	5	14	3	2	4	8	7	1	1	0	0	1	4	0	0	1	5	2	0	7	1	10	5	1	7	0	7	10	16	1	1	4	4	3	0	9	0	24	1	2	0
OTU_112357	0	17	0	11	0	0	5	2	0	0	0	3	0	0	1	7	0	0	3	0	0	1	1	5	0	17	0	3	2	70	3	13	0	0	1	1	0	2	0	2	7	0	0	0	0	2	1	5	0	0	3	12	0	6	5	0	0	0	0	0	0	0	5	8	0	0	3	0	0	0	2	15	0	0	13	44	3	7	0	1	0	0	0	0	9	0	7	5	2	2	0	0	1	3	0	0	4	0	0	0	3	0	2	17	0	0	0	0	12	9	0	0	0	0	8	0	3	1	12	0	2	0
OTU_93660	173	4907	14	4524	28	8	644	3582	99	106	20	1073	8	15	40	67	5	674	32	16	15	44	638	219	35	5153	173	1279	59	580	7223	3498	43	68	595	296	36	236	57	367	3168	26	605	705	565	10386	146	837	4	22	347	4967	29	1016	1130	6	9	107	13	2	116	23	167	274	31	22	419	23	18	12	109	2159	14	54	356	5422	12245	848	7	496	7	14	6	958	388	317	974	585	1218	53	459	261	63	1167	14	2523	3896	170	14	1	2190	33	2696	5036	4	95	6	107	2404	3300	18	4	21	2	493	12	2285	317	2572	15	319	19
OTU_178	0	0	0	0	0	1	1	0	241	5	0	0	0	0	0	0	0	0	4	0	0	2	0	2	0	0	8	0	8	0	9	0	0	8	3	2	0	13	17	1	6	1	2	2	0	2	3	0	15	0	1	0	0	1	5	0	0	0	0	0	0	0	0	0	0	0	1	0	0	0	0	2	0	12	0	1	0	8	0	0	0	2	0	2	4	782	2	0	7	0	0	0	0	0	0	41	2	2	0	0	2	0	0	0	7	2	0	0	0	2	0	0	1	0	6	0	2	0	0	0	0	0
OTU_319	3	9	1	7	0	0	3	4	2	6	28	10	3	23	15	0	0	19	23	0	2	9	0	3	1	9	22	9	2	5	4	6	42	4	0	4	6	0	16	1	7	1	10	4	0	15	1	3	4	2	8	6	2	5	8	21	0	96	1	36	3	1	8	5	4	2	6	28	66	0	3	13	5	0	6	21	4	2	0	9	11	3	0	9	5	5	6	8	1	1	1	0	0	12	1	9	6	0	8	1	4	1	5	7	16	1	0	17	13	6	4	1	3	0	8	0	15	7	1	1	3	2
OTU_5	40	29	73	25	8	16	52	4	37	95	0	5	15	3	10	1	19	140	76	3	146	0	1	62	108	12	58	12	26	7	2	14	1	68	2	51	5	11	62	23	16	165	4	28	21	11	1	6	6	23	7	0	85	33	59	17	29	37	111	0	17	52	19	19	3	64	69	0	1	120	2	15	54	70	71	24	7	9	40	4	42	49	0	39	0	20	65	15	0	1	0	23	0	8	13	12	0	1	52	0	0	134	26	5	53	17	14	23	3	7	29	18	16	1	44	41	14	11	2	8	15	0
OTU_132712	7	4	1	5	0	2	2	0	0	2	0	0	2	0	0	0	0	68	4	0	3	0	0	1	2	1	3	1	0	4	0	4	0	1	1	1	8	3	3	0	0	6	1	5	27	3	0	1	0	0	0	0	0	0	4	13	0	1	4	0	0	6	3	4	0	3	9	0	0	1	0	2	0	0	8	4	0	0	0	1	0	2	0	0	0	0	6	0	0	0	0	0	1	2	0	3	0	0	2	0	1	1	2	0	0	4	0	4	4	1	0	2	4	2	1	0	6	10	0	0	1	0
OTU_170	0	3	68	37	0	0	1	54	50	1	0	1	1	1	0	2	0	1	0	0	19	1	1	2	84	2	1	80	23	0	1	0	0	10	0	43	0	0	10	0	267	0	0	1	1	0	2	0	2	0	8	0	101	0	0	0	36	0	5	0	1	0	1	0	1	28	2	0	0	8	0	3	0	39	3	44	1	0	0	5	0	1	0	1	0	80	0	1	0	0	0	1	0	3	114	2	1	0	0	1	0	66	0	0	3	1	0	0	2	1	0	2	0	0	0	0	0	0	2	2	4	0
OTU_139150	3	0	0	0	4	0	11	0	0	27	0	1	5	0	0	0	0	0	0	0	2	0	7	13	0	1	59	0	0	0	1	0	0	10	0	5	0	9	19	0	0	7	0	38	0	0	0	3	0	0	1	0	0	8	2	0	0	0	0	0	0	0	9	1	3	0	22	0	0	0	8	6	2	0	14	0	0	1	0	15	0	2	0	1	0	6	1	0	0	0	0	5	1	0	0	0	0	5	0	2	0	0	0	0	1	2	0	1	0	0	0	0	26	0	15	0	0	0	0	6	0	0
OTU_113652	1	1	0	0	0	0	4	0	9	22	0	1	0	0	1	13	0	0	0	4	0	1	22	4	0	42	5	0	0	0	6	2	0	18	0	26	0	1	18	2	3	0	0	4	0	0	2	0	15	0	6	11	0	2	1	0	0	1	0	0	0	0	0	0	3	0	14	3	3	0	5	32	0	0	4	0	1	0	0	1	0	0	0	0	2	91	1	0	0	0	3	5	1	0	0	0	0	0	0	0	0	0	0	8	0	3	0	0	11	13	0	3	3	0	6	0	0	4	1	34	1	1
OTU_111001	63	61	65	30	31	45	84	129	124	74	82	150	65	86	101	27	43	837	129	13	107	40	42	67	87	53	327	52	60	52	52	42	118	85	25	66	20	112	88	96	90	187	87	71	45	51	62	83	24	32	82	32	82	154	120	150	37	314	76	35	9	111	77	56	119	77	154	69	78	58	27	77	177	103	70	49	18	61	11	49	32	97	26	60	70	77	172	69	37	16	8	39	34	114	64	18	27	15	40	6	31	87	32	45	43	61	24	57	61	28	23	64	151	22	98	33	113	54	39	14	27	12
OTU_71	12	1	4	3	3	2	2	7	25	6	2	2	5	2	12	0	3	4	15	1	3	1	0	2	9	12	45	6	18	2	1	2	3	11	2	17	1	5	11	8	17	9	3	7	3	1	4	7	9	3	4	5	2	13	12	2	1	77	0	3	0	7	1	7	10	4	8	6	3	4	1	4	30	5	3	4	0	1	2	1	6	32	10	12	2	16	29	9	2	1	0	2	2	10	4	0	3	1	8	4	0	6	0	1	7	4	0	12	3	2	3	11	11	1	4	1	8	1	0	12	7	0
OTU_141611	35	18	120	20	27	21	23	41	62	45	40	46	31	76	83	5	32	460	97	2	119	41	13	43	37	430	601	60	83	38	20	14	34	66	41	125	18	87	81	77	65	119	35	133	14	11	57	45	9	8	53	11	26	98	36	29	28	227	28	15	19	103	46	44	125	26	21	33	35	20	155	35	101	27	21	30	2	50	6	16	15	92	25	55	64	48	111	44	21	20	1	6	9	49	28	4	16	26	24	3	15	52	27	23	42	13	11	128	76	85	15	80	66	28	38	9	61	33	28	7	28	2
OTU_65239	1	18	0	12	0	0	2	2	1	2	0	3	2	0	1	0	2	72	3	0	3	0	0	3	0	2	17	5	0	2	48	5	1	0	0	5	1	16	4	2	7	8	4	4	7	51	0	2	0	0	0	1	2	8	2	5	0	5	2	0	1	6	3	2	0	2	9	0	0	3	0	1	2	0	4	7	48	4	0	0	3	5	0	8	0	0	5	0	1	1	0	2	0	5	2	19	0	0	1	0	0	11	35	5	0	1	0	3	3	0	0	2	6	0	3	1	8	1	3	0	0	1
OTU_163	36	125	61	92	12	16	17	19	41	35	178	389	31	256	50	10	4	62	74	3	57	159	28	31	28	135	132	87	25	13	4	57	380	37	46	37	82	17	46	51	22	18	64	34	5	11	17	83	7	36	138	83	56	77	51	62	28	249	33	131	53	33	42	230	55	27	71	98	227	42	17	28	77	29	46	16	3	7	11	4	39	60	11	105	17	16	112	36	70	6	17	15	2	49	12	7	47	7	22	5	77	53	2	88	31	8	22	34	141	105	60	33	32	5	37	33	45	85	82	8	15	19
OTU_2083	1	0	0	0	0	7	0	2	1	4	0	0	1	0	0	1	0	0	1	0	1	0	2	1	20	1	1	1	1	0	0	0	0	5	0	4	1	0	5	3	0	7	0	0	0	0	0	6	0	1	0	0	6	0	0	4	1	1	14	0	5	0	1	9	0	18	6	0	0	4	0	1	1	0	0	0	0	2	0	1	3	0	0	1	0	0	1	2	0	1	0	2	1	0	5	1	2	0	2	0	0	7	0	0	1	0	1	1	0	2	3	0	1	0	0	0	0	2	0	0	0	0
OTU_138886	2	1	0	6	11	0	67	1	2	18	4	10	2	6	8	3	0	0	2	2	5	5	29	12	9	14	4	2	0	11	1	10	7	6	6	3	7	3	6	1	3	16	15	11	17	2	12	4	8	1	0	5	4	3	7	8	2	0	3	0	1	5	2	7	2	6	11	4	6	3	9	6	9	8	6	6	1	19	0	3	5	18	0	11	2	6	5	14	5	5	6	5	1	1	5	23	12	5	9	0	8	8	1	7	0	16	6	0	41	18	3	7	12	0	6	6	8	2	9	37	4	0
OTU_136484	3	0	0	0	5	0	4	0	1	14	1	1	0	0	0	0	0	0	1	0	0	0	0	0	2	0	0	0	0	1	0	1	2	4	0	0	0	0	2	4	0	3	1	8	0	0	1	5	0	0	4	1	1	1	3	0	3	1	5	0	4	2	3	7	3	6	8	0	4	2	0	4	4	1	7	0	0	2	0	3	4	0	0	4	3	0	1	3	1	1	0	1	1	5	3	0	0	0	5	0	0	2	0	0	1	0	0	12	3	3	6	1	2	0	2	0	0	0	0	0	0	0
OTU_51161	20	0	107	9	222	19	15	7	45	135	6	6	2	1	41	0	3	1	17	0	16	24	31	5	24	12	7	0	0	22	1	0	37	41	4	76	3	24	135	30	4	30	47	61	2	0	8	20	8	16	85	0	28	23	33	3	27	23	70	55	12	19	30	15	45	24	14	19	13	36	5	12	12	67	16	0	0	10	2	54	5	42	0	10	21	26	20	35	5	32	0	9	18	26	18	0	2	3	4	2	9	22	0	0	3	65	34	13	27	10	6	114	47	0	30	28	0	21	11	4	37	12
OTU_136012	6	1	1	1	18	6	1	2	0	7	4	11	3	3	0	0	2	2	5	0	2	7	179	16	1	3	0	4	0	1	1	1	2	3	0	0	19	0	1	7	1	57	0	1	0	0	0	0	6	1	5	1	0	3	3	5	2	3	0	2	0	1	1	31	0	0	9	3	3	0	199	1	8	0	3	2	0	0	0	0	2	0	0	1	3	2	2	0	0	7	3	3	0	0	0	0	0	0	4	0	0	1	0	3	3	238	0	0	83	11	1	1	0	1	3	0	1	2	179	5	0	0
OTU_70219	4	0	1	0	0	3	2	4	6	0	5	3	3	1	11	0	2	0	2	0	1	9	1	0	14	0	0	0	0	0	0	0	3	1	0	3	4	1	2	1	6	2	3	3	0	0	1	3	2	0	14	0	4	0	7	1	0	5	7	1	2	2	3	0	5	4	4	4	2	6	1	1	3	4	1	1	0	0	0	2	1	10	0	5	1	15	4	4	0	1	1	1	0	0	9	0	0	0	2	0	1	2	0	3	1	5	0	1	0	0	0	19	8	3	1	0	0	1	0	0	0	2
OTU_82914	7	1	1	5	16	14	8	6	7	2	11	6	4	3	29	0	0	0	9	0	13	19	15	9	9	2	2	2	0	11	1	1	11	11	0	8	5	15	8	4	5	20	26	8	5	0	10	8	1	6	11	2	10	5	8	5	12	7	14	18	3	6	6	13	21	10	15	3	2	7	0	7	2	43	1	0	0	6	1	4	5	15	0	8	14	7	11	9	2	2	0	1	0	10	9	0	2	0	5	2	4	9	0	4	3	5	4	4	4	2	10	17	7	2	3	5	3	6	2	4	5	2
OTU_117458	26	1	2	2	12	28	6	31	37	14	4	17	3	4	29	0	4	0	14	0	10	12	130	19	14	14	5	1	0	7	0	0	39	4	6	13	1	7	8	7	14	35	49	7	4	0	9	1	5	1	26	5	11	12	23	0	34	18	49	24	6	10	4	22	39	23	5	19	34	9	121	4	10	84	8	3	0	11	3	0	8	52	0	11	19	24	5	9	7	3	5	1	0	1	18	0	1	3	20	1	0	27	0	0	13	195	12	16	57	20	4	89	55	0	8	19	0	16	71	18	5	7
OTU_65062	1	0	0	0	4	5	13	23	0	0	317	4	4	74	0	0	5	0	59	0	16	86	1	33	0	1	0	2	0	0	0	0	464	1	0	8	0	0	1	91	2	1	0	0	6	0	0	106	2	0	86	0	1	22	3	0	1	12	0	10	0	2	1	58	1	0	81	414	174	1	0	66	47	19	89	3	0	0	3	0	142	13	0	12	0	5	25	80	1	0	1	2	0	47	6	0	0	0	65	0	0	48	0	1	26	9	0	1	2	0	106	10	1	1	8	0	0	0	6	0	5	0
OTU_49494	2	0	4	0	13	3	0	0	16	7	0	2	0	0	22	0	1	0	5	0	6	1	0	2	4	0	2	0	0	3	0	0	0	3	0	2	1	0	5	6	0	1	1	4	0	0	3	3	2	0	5	0	5	1	4	0	5	1	2	1	4	4	4	6	8	8	15	0	0	2	0	11	4	6	2	3	0	3	0	1	14	24	0	3	2	5	3	4	0	0	0	0	0	1	13	0	0	0	10	0	0	3	0	0	0	7	0	2	0	2	5	8	10	0	6	1	0	1	0	4	2	0
OTU_66105	1	0	0	0	1	0	0	2	1	1	0	1	0	1	7	0	0	0	0	0	0	1	7	1	0	0	0	0	0	2	0	2	1	0	0	0	0	1	0	1	0	1	5	5	0	0	0	0	0	1	6	0	1	2	3	0	1	0	1	3	0	0	3	1	6	1	2	2	0	1	15	4	0	4	3	0	0	1	0	0	0	0	0	2	4	4	2	2	0	2	0	1	0	1	5	0	0	0	0	1	0	4	0	0	0	24	2	0	1	1	0	16	4	1	2	2	0	1	12	1	1	0
OTU_141904	3	0	1	0	0	3	1	11	3	4	6	1	2	5	3	0	0	0	7	0	6	7	0	2	3	0	2	1	0	0	0	0	8	0	0	2	3	0	7	7	0	0	2	0	1	0	1	8	0	0	19	0	5	2	1	0	0	3	1	2	3	2	1	3	2	9	2	3	1	2	0	4	2	14	1	1	0	4	0	0	7	1	0	4	0	10	3	7	0	0	0	1	0	1	4	0	1	0	9	0	0	8	0	0	3	1	0	5	0	0	1	2	3	0	3	0	0	0	1	0	2	1
OTU_81178	586	19	1775	92	677	1781	249	528	508	377	94	179	555	97	362	10	114	135	1148	8	467	454	145	237	1048	37	502	215	102	187	31	169	173	680	62	664	483	130	532	289	862	890	426	458	127	63	190	289	438	223	844	31	1208	623	583	218	205	1256	283	556	288	192	229	257	334	711	331	174	100	536	430	247	475	401	199	203	14	109	91	99	463	509	10	534	171	699	578	338	125	124	160	281	65	85	887	39	85	41	852	30	41	591	46	117	366	499	224	367	144	57	223	544	385	155	552	91	160	131	242	140	615	37
OTU_11462	193	16	148	39	118	373	43	779	162	477	153	76	354	73	207	3	199	12	197	0	216	117	18	146	690	32	30	86	52	86	14	83	85	369	15	296	53	26	378	296	177	645	179	51	47	9	61	228	76	117	373	16	595	98	151	15	181	71	460	239	198	77	39	107	211	431	197	114	98	453	18	190	53	458	172	70	6	60	25	15	134	428	0	146	91	185	144	268	21	23	50	50	6	140	406	4	22	5	139	4	27	86	12	84	51	164	76	98	21	11	88	298	93	18	80	137	64	133	6	16	253	54
OTU_62778	60	46	54	62	117	189	132	151	48	245	31	880	121	37	82	20	38	11	225	3	73	115	140	142	73	7	32	307	10	59	8	96	265	160	85	90	121	52	186	203	86	47	72	141	597	14	20	204	28	59	196	253	33	80	78	54	14	51	30	732	202	31	101	199	67	65	166	70	125	47	8	147	263	102	183	19	8	39	53	39	112	94	2	60	35	73	88	186	233	26	517	44	19	150	83	16	37	14	147	9	122	452	9	34	59	50	11	70	56	26	165	70	26	8	71	14	461	36	68	39	41	10
OTU_15	367	11	1556	14	462	24	105	124	398	496	25	65	68	147	422	1	17	20	253	3	222	238	38	220	295	27	33	11	45	156	10	10	163	307	6	504	45	33	579	196	486	217	516	300	4	2	125	291	30	96	265	11	184	258	502	13	100	601	271	21	123	83	205	129	478	170	173	36	153	113	45	157	141	382	212	53	3	158	40	220	88	281	0	373	221	295	351	292	13	93	12	135	71	401	163	1	5	2	91	30	6	126	17	1	76	329	223	200	28	13	70	319	125	23	262	68	5	62	22	79	210	29
OTU_125907	22	0	20	1	11	15	3	27	28	32	3	1	3	6	40	2	5	0	17	0	18	29	0	29	39	1	1	1	1	21	2	1	7	28	0	34	8	1	43	38	29	32	26	11	2	0	15	39	1	15	44	1	22	17	24	3	8	18	29	9	19	1	7	11	43	20	16	5	1	19	0	17	7	68	13	7	0	19	3	5	6	20	0	19	9	28	32	30	4	0	1	6	0	29	12	1	0	0	13	1	0	7	2	3	7	31	11	14	7	2	7	32	8	1	5	11	1	2	3	6	29	5
OTU_140613	71	105	40	117	44	48	49	47	46	71	257	838	179	1367	24	0	76	7	51	1	63	2106	157	83	67	1	6	128	9	11	5	8	1372	115	19	39	83	1	79	29	42	16	55	3	44	8	10	39	32	40	337	160	25	44	62	45	12	42	24	43	58	28	8	25	29	50	74	223	1067	17	6	35	56	217	43	5	15	14	5	1	16	125	1	35	22	91	53	39	112	4	166	27	1	28	35	13	40	0	105	13	95	84	8	2	14	77	46	2	56	20	19	97	14	43	17	5	21	194	46	13	63	36
OTU_138360	468	3	601	10	228	117	167	251	1417	230	40	55	132	40	1420	4	40	4	283	0	251	189	182	228	432	40	59	18	66	324	21	23	130	239	12	589	24	151	223	451	463	317	1408	417	18	3	290	563	144	175	582	7	295	428	578	14	131	507	346	98	245	250	394	306	1517	425	402	69	61	227	70	304	452	1314	308	70	1	376	109	180	163	629	1	623	567	960	583	509	25	31	7	191	72	606	581	5	10	37	117	28	14	435	16	2	169	456	218	725	102	43	200	977	539	6	501	146	10	114	52	133	300	107
OTU_118524	658	125	148	167	627	2997	417	319	446	251	308	451	490	507	499	17	575	67	469	6	322	1085	719	310	379	222	229	279	65	247	33	159	689	261	31	357	893	261	230	293	256	571	552	148	393	61	117	334	306	127	1560	63	287	460	395	244	199	534	432	462	135	253	173	504	677	267	457	381	462	254	1001	198	367	1054	355	313	13	169	47	40	243	824	6	391	232	542	405	387	110	219	144	333	24	238	238	40	58	44	599	68	77	504	48	130	165	1599	100	242	358	186	180	1007	656	227	449	162	258	408	627	175	342	236
OTU_381	2	7	0	2	0	6	0	1	6	0	20	35	0	109	4	0	1	0	3	0	2	143	5	2	1	0	1	5	0	1	0	0	109	0	1	4	4	0	0	2	4	1	3	0	0	1	0	0	3	4	21	4	4	3	2	2	2	16	0	10	3	2	0	1	3	2	0	16	104	0	0	1	1	2	1	2	3	0	0	2	4	2	0	3	0	5	1	1	1	0	2	1	1	2	0	1	0	0	1	0	2	0	0	0	0	1	1	1	0	0	0	1	2	1	2	0	0	5	0	1	1	0
OTU_84842	5	2	4	3	15	12	9	21	56	16	4	22	13	21	66	1	5	13	12	0	19	24	15	10	30	3	8	4	9	12	4	8	9	8	1	10	54	14	4	12	33	38	34	2	6	3	26	8	7	1	30	6	12	8	29	20	2	10	8	9	3	20	7	2	67	7	10	8	14	9	4	12	15	52	12	2	1	7	0	5	12	92	0	17	6	25	2	17	10	2	7	2	0	8	22	5	8	3	16	8	12	13	10	2	15	31	0	7	5	7	11	50	45	17	5	7	3	22	5	27	18	7
OTU_116542	48	4	16	15	49	28	35	40	82	63	57	42	49	24	96	2	18	3	42	0	36	61	50	41	102	26	19	17	6	26	5	13	90	30	12	51	4	17	20	52	44	54	82	25	6	1	21	49	138	15	98	3	96	34	60	2	43	35	86	56	20	25	21	41	110	94	57	50	39	62	13	42	41	180	50	21	1	12	11	7	27	101	0	61	28	81	51	56	11	11	7	15	6	39	68	1	13	13	54	7	14	63	5	15	14	105	6	54	20	11	46	90	73	7	27	41	13	34	21	19	26	35
OTU_92148	677	211	640	234	809	1815	523	435	1124	356	387	783	272	373	1148	38	277	162	909	15	375	1996	173	368	766	111	246	362	86	375	78	63	394	356	47	769	1875	214	356	669	528	1424	1032	694	168	83	278	767	253	249	2327	167	586	685	725	626	295	1048	843	1219	348	426	690	541	1089	644	499	373	312	583	109	430	921	1825	370	145	72	397	170	295	501	601	2	766	393	801	634	790	118	248	734	439	170	763	635	98	45	50	640	59	74	997	134	180	358	503	340	870	190	120	423	998	586	418	814	235	64	469	87	255	443	180
OTU_187	1	13	0	11	10	0	0	1	3	8	0	5	2	0	46	0	0	0	6	0	34	0	3	4	0	1	22	0	3	12	0	0	1	15	0	13	0	15	8	1	0	26	27	7	0	0	10	1	0	0	1	5	0	0	7	0	0	3	0	0	0	33	6	0	26	0	0	0	0	0	3	30	0	20	9	0	0	10	0	1	9	125	0	1	13	0	1	25	7	0	7	2	1	2	0	0	2	0	3	2	15	7	0	0	13	20	0	19	15	1	0	78	89	0	0	0	0	12	2	3	1	0
OTU_84850	18	4	85	7	49	13	18	16	20	33	16	16	15	6	16	1	10	3	48	0	10	8	22	37	14	0	6	5	0	8	1	4	26	43	0	34	5	10	31	26	12	34	13	11	6	0	11	18	14	1	10	3	25	10	18	2	6	22	22	12	5	42	21	53	14	22	45	31	12	20	22	21	20	35	27	5	0	4	6	8	28	45	1	24	6	17	37	40	4	8	9	6	2	12	26	0	1	2	51	0	0	49	3	5	21	21	4	26	5	2	6	45	23	4	8	4	4	26	9	10	12	2
OTU_86198	2	1	4	6	6	0	2	0	6	1	0	5	1	0	12	0	0	2	2	0	2	7	5	4	0	0	2	2	0	1	0	0	2	14	0	5	1	2	8	23	1	2	13	6	0	0	2	6	1	2	1	1	4	5	4	4	0	0	1	1	0	15	7	0	3	2	1	0	0	1	0	11	2	3	3	0	0	1	0	1	18	18	0	7	0	1	2	9	1	0	0	1	0	5	4	2	1	0	5	0	0	4	1	1	7	1	4	3	1	2	0	6	7	0	1	3	3	12	2	1	3	0
OTU_49903	6	9	56	17	39	1	13	2	21	40	2	31	29	1	15	0	32	0	17	0	9	0	8	6	50	0	24	42	8	2	1	19	0	66	2	47	2	6	22	30	3	3	27	32	38	0	12	32	4	11	1	1	69	5	3	0	10	5	13	6	22	35	20	54	14	60	37	2	1	52	3	34	7	23	15	13	0	4	2	16	6	53	0	8	3	20	9	23	1	13	6	7	4	14	92	0	7	5	12	0	0	19	4	10	5	13	24	20	9	1	4	7	6	0	9	4	35	8	8	2	17	3
OTU_137482	2	0	3	1	1	1	1	5	1	4	1	3	0	0	5	0	0	0	2	0	2	2	7	8	2	2	1	0	0	2	0	0	2	8	0	2	0	0	4	1	2	6	6	5	0	2	0	3	1	3	3	1	1	3	2	0	1	0	0	2	2	2	2	5	1	5	4	2	0	2	13	3	0	4	5	0	0	1	0	0	1	1	0	3	2	0	5	5	1	0	1	1	0	2	6	0	0	0	4	0	0	2	0	0	3	13	1	2	0	1	7	1	1	1	3	0	0	0	5	0	1	0
OTU_390	19	13	69	14	17	34	33	109	11	40	166	21	11	71	6	0	32	10	34	0	37	6	1	17	102	0	5	10	7	3	0	3	139	67	4	119	0	15	17	17	79	39	10	26	16	0	5	8	8	7	2	7	63	27	30	1	8	10	15	54	18	13	8	35	7	102	12	138	43	64	7	18	27	18	5	5	0	1	3	4	17	13	0	12	7	20	19	15	3	4	15	13	5	3	176	0	2	5	33	0	6	121	9	3	6	17	9	19	6	2	2	27	10	1	15	17	8	9	2	16	49	0
OTU_131381	2	7	1	3	1	2	4	1	1	3	32	3	0	7	0	0	0	3	0	0	2	1	0	2	4	0	0	2	0	1	0	0	16	10	0	8	0	0	1	6	0	0	1	0	0	1	2	0	0	1	0	0	3	5	2	0	1	2	2	6	4	0	0	4	0	7	2	24	3	5	0	0	0	0	0	0	0	0	2	0	2	0	0	1	2	0	2	1	1	1	0	0	0	0	8	0	0	0	2	0	0	2	0	1	2	1	1	2	1	1	0	3	2	0	2	0	0	0	0	1	0	0
OTU_134943	14	3	0	0	0	0	1	0	2	0	0	0	0	0	0	3	0	0	5	7	1	0	0	9	0	0	0	0	13	1	0	0	0	0	0	6	0	0	4	0	0	0	0	0	0	0	0	0	0	4	0	0	0	0	0	0	3	1	0	3	13	0	1	3	0	0	1	0	0	0	0	0	0	0	0	0	0	0	7	6	10	0	0	9	3	0	0	1	0	1	0	6	8	0	0	0	0	0	6	2	0	0	0	0	10	0	0	0	0	0	10	0	0	0	1	5	0	5	0	0	1	4
OTU_245	11	0	0	0	0	0	0	0	5	0	0	0	4	0	0	0	0	0	3	6	0	0	0	0	0	0	0	0	390	0	0	0	0	0	0	0	0	0	0	0	0	0	0	0	0	0	0	0	0	39	0	0	0	0	0	0	1	0	0	55	56	0	2	12	0	0	0	0	0	0	0	0	0	0	0	0	0	0	3	118	2	0	1	16	0	0	0	0	0	44	0	15	263	0	0	1	0	1	1	62	0	0	0	0	0	0	13	0	0	0	58	0	0	0	6	2	0	1	0	2	17	6
OTU_138541	45	1	9	0	0	1	0	0	11	0	0	0	9	4	0	20	0	0	32	47	5	0	0	33	0	0	0	0	110	2	4	3	0	0	0	12	0	2	10	0	0	0	0	0	0	0	0	0	1	122	8	0	1	0	0	1	158	0	2	64	122	0	17	14	1	0	0	0	3	0	0	0	0	4	0	0	0	0	181	105	39	0	2	50	51	0	0	0	0	20	0	56	93	0	0	0	0	0	10	44	0	0	0	0	132	0	35	8	0	0	71	0	2	0	61	102	0	62	1	12	14	208
OTU_142321	23	0	0	0	0	0	0	0	7	0	0	1	3	0	0	4	0	0	8	17	2	0	0	21	0	0	0	0	31	0	0	0	0	0	0	4	0	0	3	0	0	1	0	0	0	0	0	0	0	40	6	0	0	0	0	0	19	0	2	18	16	0	6	6	0	0	0	0	0	0	0	0	0	0	0	0	0	0	53	20	25	0	0	18	4	0	0	0	0	9	0	15	34	0	0	0	0	0	3	13	0	0	0	0	37	1	1	1	0	0	39	0	1	0	14	47	0	21	0	0	7	44
OTU_133266	4261	141	50	2	3	87	21	13	1128	2	18	15	540	256	5	922	3	2	1566	3570	322	8	1	3053	0	31	47	15	8106	92	45	126	8	10	2	1071	1	96	740	1	4	5	29	6	1	0	1	54	8	6229	719	16	2	3	2	9	4622	56	38	4958	5404	8	1342	775	3	1	12	8	35	2	4	6	6	33	8	14	1	0	13262	7985	3216	6	59	4333	1985	5	3	31	3	1459	3	4750	7926	14	5	4	4	4	633	3808	3	1	25	3	10335	8	642	828	6	7	6731	7	24	7	1582	8114	4	4894	7	332	1079	9615
OTU_141751	190	7	0	1	0	17	4	0	83	0	5	1	28	34	2	119	0	0	83	180	24	1	1	124	0	0	10	2	711	5	1	17	0	0	0	79	0	1	37	0	2	2	4	1	0	0	0	1	2	561	35	0	0	0	1	5	467	3	8	456	339	1	234	89	2	1	0	4	0	4	1	1	0	3	1	3	0	1	449	378	175	0	12	216	103	1	0	1	0	335	0	194	748	6	0	0	1	0	45	581	0	0	1	0	353	1	165	36	0	0	302	0	0	0	97	529	0	239	1	20	206	616
